,perc_mem,seed,epoch,data_type,n_layer,data_size,task_type,train_loss,avg_test_acc
0,9.375,0,0,increment,2,3000,backdoor,0.7477230545468805,0.8570153117179871
1,96.875,0,50,increment,2,3000,backdoor,0.06998211837492847,0.9725522994995117
2,98.4375,0,100,increment,2,3000,backdoor,0.06980584953774772,0.9729873538017273
3,100.0,0,150,increment,2,3000,backdoor,0.06969387875207793,0.9728101491928101
4,100.0,0,200,increment,2,3000,backdoor,0.06971263645384548,0.972621738910675
5,100.0,0,250,increment,2,3000,backdoor,0.06967534562705252,0.9726686477661133
6,100.0,0,300,increment,2,3000,backdoor,0.06959302140779405,0.9724920392036438
7,100.0,0,350,increment,2,3000,backdoor,0.06959497632008593,0.972395122051239
8,100.0,0,400,increment,2,3000,backdoor,0.06948359063451325,0.9722865223884583
9,98.4375,0,450,increment,2,3000,backdoor,0.06941978873517277,0.9724138975143433
10,98.4375,0,500,increment,2,3000,backdoor,0.06935635636344341,0.9723595380783081
11,0.0,1,0,increment,2,3000,backdoor,0.6379495717902884,0.8826346397399902
12,100.0,1,50,increment,2,3000,backdoor,0.07004520544226135,0.9725692868232727
13,98.52941036224365,1,100,increment,2,3000,backdoor,0.06984282313223698,0.9728949666023254
14,98.52941036224365,1,150,increment,2,3000,backdoor,0.06977704817084905,0.9729025959968567
15,100.0,1,200,increment,2,3000,backdoor,0.06972605992832455,0.9724479913711548
16,98.52941036224365,1,250,increment,2,3000,backdoor,0.06974028499346774,0.9727160334587097
17,98.52941036224365,1,300,increment,2,3000,backdoor,0.06970890890365529,0.9726043939590454
18,97.05882668495178,1,350,increment,2,3000,backdoor,0.06968182583132061,0.9727413058280945
19,100.0,1,400,increment,2,3000,backdoor,0.0696118163977754,0.9728662371635437
20,97.05882668495178,1,450,increment,2,3000,backdoor,0.06960786444739708,0.9723964929580688
21,97.05882668495178,1,500,increment,2,3000,backdoor,0.06959682533526308,0.9723833203315735
22,0.0,3,0,increment,2,3000,backdoor,0.7087991828743315,0.8814448118209839
23,91.04477167129517,3,50,increment,2,3000,backdoor,0.0700399634468047,0.9725955724716187
24,92.53731369972229,3,100,increment,2,3000,backdoor,0.06983106961182509,0.9729235768318176
25,80.59701323509216,3,150,increment,2,3000,backdoor,0.06974895238452614,0.9727835655212402
26,95.52238583564758,3,200,increment,2,3000,backdoor,0.06971155965073979,0.9724589586257935
27,89.55223560333252,3,250,increment,2,3000,backdoor,0.06963509716693823,0.9726028442382812
28,95.52238583564758,3,300,increment,2,3000,backdoor,0.06962451610661231,0.9724498987197876
29,80.59701323509216,3,350,increment,2,3000,backdoor,0.06958985113278385,0.97234708070755
30,92.53731369972229,3,400,increment,2,3000,backdoor,0.06951130682964461,0.9722667932510376
31,77.61194109916687,3,450,increment,2,3000,backdoor,0.06947165769988327,0.9723847508430481
32,91.04477167129517,3,500,increment,2,3000,backdoor,0.06938553972266862,0.9721114039421082
33,0.0,0,0,increment,4,3000,backdoor,0.768476055202326,0.8690242767333984
34,100.0,0,50,increment,4,3000,backdoor,0.06990870893425286,0.9728191494941711
35,100.0,0,100,increment,4,3000,backdoor,0.06973105439501351,0.973031222820282
36,100.0,0,150,increment,4,3000,backdoor,0.06973796048294312,0.9728495478630066
37,100.0,0,200,increment,4,3000,backdoor,0.06967549417962395,0.972579836845398
38,96.875,0,250,increment,4,3000,backdoor,0.06966396046899506,0.9725378155708313
39,100.0,0,300,increment,4,3000,backdoor,0.06962252743718748,0.9728646278381348
40,100.0,0,350,increment,4,3000,backdoor,0.0696190736516957,0.9725980758666992
41,100.0,0,400,increment,4,3000,backdoor,0.06956766312721216,0.9725940823554993
42,95.3125,0,450,increment,4,3000,backdoor,0.06950776925160422,0.9723460078239441
43,100.0,0,500,increment,4,3000,backdoor,0.06952486699226343,0.9724366068840027
44,0.0,1,0,increment,4,3000,backdoor,0.8449180364891251,0.8564943075180054
45,100.0,1,50,increment,4,3000,backdoor,0.06992808319804793,0.9730724096298218
46,83.82353186607361,1,100,increment,4,3000,backdoor,0.06978826609691738,0.972876250743866
47,89.70588445663452,1,150,increment,4,3000,backdoor,0.06970086704356976,0.972812294960022
48,98.52941036224365,1,200,increment,4,3000,backdoor,0.06962775428430729,0.97266685962677
49,98.52941036224365,1,250,increment,4,3000,backdoor,0.06957356734157173,0.9725643396377563
50,100.0,1,300,increment,4,3000,backdoor,0.06948516945138362,0.9722602963447571
51,100.0,1,350,increment,4,3000,backdoor,0.06941623307799841,0.9720190167427063
52,97.05882668495178,1,400,increment,4,3000,backdoor,0.06935260501376825,0.9720715284347534
53,100.0,1,450,increment,4,3000,backdoor,0.06930939221127903,0.9721485376358032
54,98.52941036224365,1,500,increment,4,3000,backdoor,0.0692726143799122,0.971920371055603
55,0.0,3,0,increment,4,3000,backdoor,0.8410402749669496,0.8353322744369507
56,91.04477167129517,3,50,increment,4,3000,backdoor,0.06998559723109431,0.972868800163269
57,100.0,3,100,increment,4,3000,backdoor,0.06979686442003431,0.9730453491210938
58,95.52238583564758,3,150,increment,4,3000,backdoor,0.06973282643262808,0.9729743003845215
59,97.01492190361023,3,200,increment,4,3000,backdoor,0.06968379507980076,0.9728721380233765
60,95.52238583564758,3,250,increment,4,3000,backdoor,0.06967263153237754,0.9725637435913086
61,97.01492190361023,3,300,increment,4,3000,backdoor,0.06961534129923554,0.9728065729141235
62,97.01492190361023,3,350,increment,4,3000,backdoor,0.06951022734291745,0.9726676940917969
63,94.02984976768494,3,400,increment,4,3000,backdoor,0.06948481094074475,0.9724577069282532
64,91.04477167129517,3,450,increment,4,3000,backdoor,0.06936339398413473,0.9721037149429321
65,95.52238583564758,3,500,increment,4,3000,backdoor,0.06938646006358179,0.9719575643539429
66,0.0,0,0,increment,8,3000,backdoor,1.0261924865686498,0.8181595802307129
67,98.4375,0,50,increment,8,3000,backdoor,0.06995498805673202,0.9728599786758423
68,100.0,0,100,increment,8,3000,backdoor,0.06980271785745124,0.9729131460189819
69,98.4375,0,150,increment,8,3000,backdoor,0.06973963608673964,0.9729169011116028
70,100.0,0,200,increment,8,3000,backdoor,0.06971374454232754,0.972878098487854
71,100.0,0,250,increment,8,3000,backdoor,0.06966600955521327,0.9727094769477844
72,100.0,0,300,increment,8,3000,backdoor,0.06959971397126455,0.9728422164916992
73,100.0,0,350,increment,8,3000,backdoor,0.06959586195047433,0.972366213798523
74,100.0,0,400,increment,8,3000,backdoor,0.06955335550539866,0.9722993969917297
75,100.0,0,450,increment,8,3000,backdoor,0.06951932443120468,0.9722320437431335
76,100.0,0,500,increment,8,3000,backdoor,0.06936200697557621,0.9721584320068359
77,0.0,1,0,increment,8,3000,backdoor,0.8429020185606174,0.8352476954460144
78,100.0,1,50,increment,8,3000,backdoor,0.06984733302870068,0.9730679392814636
79,100.0,1,100,increment,8,3000,backdoor,0.06977892419879471,0.9729964137077332
80,100.0,1,150,increment,8,3000,backdoor,0.06975796264353522,0.9727746844291687
81,100.0,1,200,increment,8,3000,backdoor,0.06968262484429572,0.9728382229804993
82,100.0,1,250,increment,8,3000,backdoor,0.06962951064392289,0.9729210138320923
83,100.0,1,300,increment,8,3000,backdoor,0.06963372926152712,0.9726890325546265
84,100.0,1,350,increment,8,3000,backdoor,0.06962714679715758,0.9726864099502563
85,100.0,1,400,increment,8,3000,backdoor,0.06953645215074034,0.9724481701850891
86,98.52941036224365,1,450,increment,8,3000,backdoor,0.06953366305590807,0.9725071787834167
87,100.0,1,500,increment,8,3000,backdoor,0.0694406257138998,0.9722205996513367
88,0.0,3,0,increment,8,3000,backdoor,1.1144638540338,0.826624870300293
89,98.50745797157288,3,50,increment,8,3000,backdoor,0.06989757388265212,0.9733697772026062
90,100.0,3,100,increment,8,3000,backdoor,0.0697658326812265,0.9730182886123657
91,97.01492190361023,3,150,increment,8,3000,backdoor,0.0697048846014303,0.9726753234863281
92,97.01492190361023,3,200,increment,8,3000,backdoor,0.06971554574666995,0.9727527499198914
93,95.52238583564758,3,250,increment,8,3000,backdoor,0.06965204568412067,0.9725790023803711
94,97.01492190361023,3,300,increment,8,3000,backdoor,0.0696678279206086,0.9725327491760254
95,97.01492190361023,3,350,increment,8,3000,backdoor,0.06962721989053121,0.9725801348686218
96,97.01492190361023,3,400,increment,8,3000,backdoor,0.06955074663693306,0.972582995891571
97,97.01492190361023,3,450,increment,8,3000,backdoor,0.06951999417130982,0.9722293019294739
98,89.55223560333252,3,500,increment,8,3000,backdoor,0.0694595108523753,0.9722895622253418
99,0.0,0,0,increment,16,3000,backdoor,1.3342387893753593,0.8052662014961243
100,95.3125,0,50,increment,16,3000,backdoor,0.06992495900364283,0.9733576774597168
101,100.0,0,100,increment,16,3000,backdoor,0.06981895147200444,0.9728178977966309
102,98.4375,0,150,increment,16,3000,backdoor,0.06972609566286277,0.9731845855712891
103,100.0,0,200,increment,16,3000,backdoor,0.06970636257063156,0.9728654026985168
104,95.3125,0,250,increment,16,3000,backdoor,0.06967825382524193,0.9727447628974915
105,100.0,0,300,increment,16,3000,backdoor,0.06962703648619177,0.9726811647415161
106,96.875,0,350,increment,16,3000,backdoor,0.06959329573746541,0.9725894927978516
107,100.0,0,400,increment,16,3000,backdoor,0.0695276685165003,0.9725624918937683
108,100.0,0,450,increment,16,3000,backdoor,0.06946486298224372,0.9722387194633484
109,98.4375,0,500,increment,16,3000,backdoor,0.06935575085369897,0.9722667932510376
110,0.0,1,0,increment,16,3000,backdoor,1.2948196646161554,0.7931118607521057
111,98.52941036224365,1,50,increment,16,3000,backdoor,0.06993946277699764,0.9727663993835449
112,100.0,1,100,increment,16,3000,backdoor,0.06972336656109417,0.9730151295661926
113,100.0,1,150,increment,16,3000,backdoor,0.06973007762742833,0.9728636741638184
114,100.0,1,200,increment,16,3000,backdoor,0.0697562936781707,0.9726999402046204
115,100.0,1,250,increment,16,3000,backdoor,0.0696613372290304,0.9729341268539429
116,98.52941036224365,1,300,increment,16,3000,backdoor,0.06961243391319474,0.9724442362785339
117,100.0,1,350,increment,16,3000,backdoor,0.06962240840445198,0.972368597984314
118,94.11764740943909,1,400,increment,16,3000,backdoor,0.06947800732478146,0.972617506980896
119,100.0,1,450,increment,16,3000,backdoor,0.06937555428506074,0.9722350239753723
120,100.0,1,500,increment,16,3000,backdoor,0.0693266361386855,0.9720674753189087
121,0.0,3,0,increment,16,3000,backdoor,1.3240465682829725,0.7985087633132935
122,89.55223560333252,3,50,increment,16,3000,backdoor,0.06993310605462694,0.9731402397155762
123,98.50745797157288,3,100,increment,16,3000,backdoor,0.06979786060856417,0.9727571606636047
124,88.05969953536987,3,150,increment,16,3000,backdoor,0.06970267824087098,0.9728189706802368
125,98.50745797157288,3,200,increment,16,3000,backdoor,0.06972063830678497,0.9728699922561646
126,97.01492190361023,3,250,increment,16,3000,backdoor,0.06964754094303502,0.9726486206054688
127,91.04477167129517,3,300,increment,16,3000,backdoor,0.06967465876120527,0.9727627038955688
128,95.52238583564758,3,350,increment,16,3000,backdoor,0.06947199855511788,0.9723577499389648
129,95.52238583564758,3,400,increment,16,3000,backdoor,0.06944739137074393,0.9724096059799194
130,95.52238583564758,3,450,increment,16,3000,backdoor,0.06944006116469324,0.9723641276359558
131,97.01492190361023,3,500,increment,16,3000,backdoor,0.06933475455260389,0.9719616770744324
132,0.0,0,0,increment,2,10000,backdoor,0.4263178410751003,0.9577687978744507
133,96.875,0,50,increment,2,10000,backdoor,0.07428154609836898,0.9705026745796204
134,100.0,0,100,increment,2,10000,backdoor,0.07420336145968426,0.9703280329704285
135,100.0,0,150,increment,2,10000,backdoor,0.0741497334309947,0.9705311059951782
136,100.0,0,200,increment,2,10000,backdoor,0.0741519886470619,0.9704455137252808
137,96.875,0,250,increment,2,10000,backdoor,0.07414319171702667,0.9703442454338074
138,93.75,0,300,increment,2,10000,backdoor,0.07411519537022064,0.9705333709716797
139,92.1875,0,350,increment,2,10000,backdoor,0.0740991919920161,0.9702335596084595
140,100.0,0,400,increment,2,10000,backdoor,0.07410209532175864,0.9702627062797546
141,100.0,0,450,increment,2,10000,backdoor,0.07411259878209699,0.9701665639877319
142,100.0,0,500,increment,2,10000,backdoor,0.07410742274739525,0.9704190492630005
143,0.0,1,0,increment,2,10000,backdoor,0.36484519638867924,0.9610313177108765
144,91.17646813392639,1,50,increment,2,10000,backdoor,0.0742899400370938,0.9704145193099976
145,91.17646813392639,1,100,increment,2,10000,backdoor,0.07418346330349818,0.9704303741455078
146,98.52941036224365,1,150,increment,2,10000,backdoor,0.07418224383970519,0.9701904058456421
147,98.52941036224365,1,200,increment,2,10000,backdoor,0.07417737445978574,0.9703981280326843
148,95.58823704719543,1,250,increment,2,10000,backdoor,0.07412360256021117,0.9706301689147949
149,92.64705777168274,1,300,increment,2,10000,backdoor,0.0741580632148367,0.9703699350357056
150,95.58823704719543,1,350,increment,2,10000,backdoor,0.07412774346786223,0.9704992175102234
151,95.58823704719543,1,400,increment,2,10000,backdoor,0.07413254035658491,0.9704967737197876
152,95.58823704719543,1,450,increment,2,10000,backdoor,0.07411376942635138,0.9706084132194519
153,88.23529481887817,1,500,increment,2,10000,backdoor,0.07410978543244319,0.9703655242919922
154,0.0,3,0,increment,2,10000,backdoor,0.4110354167563376,0.9628855586051941
155,86.56716346740723,3,50,increment,2,10000,backdoor,0.07428407504077836,0.9704500436782837
156,98.50745797157288,3,100,increment,2,10000,backdoor,0.07417089862006528,0.9704145193099976
157,91.04477167129517,3,150,increment,2,10000,backdoor,0.07415471163454589,0.9707164764404297
158,88.05969953536987,3,200,increment,2,10000,backdoor,0.07412871928551258,0.970568060874939
159,89.55223560333252,3,250,increment,2,10000,backdoor,0.07412651262847415,0.9706208109855652
160,89.55223560333252,3,300,increment,2,10000,backdoor,0.07409800253895335,0.9704167246818542
161,91.04477167129517,3,350,increment,2,10000,backdoor,0.07413363958641643,0.9703761339187622
162,92.53731369972229,3,400,increment,2,10000,backdoor,0.07411062939739449,0.9704219102859497
163,88.05969953536987,3,450,increment,2,10000,backdoor,0.07411698665304896,0.9704160690307617
164,95.52238583564758,3,500,increment,2,10000,backdoor,0.07409525346575362,0.9703903198242188
165,0.0,0,0,increment,4,10000,backdoor,0.4454495138846911,0.9636807441711426
166,96.875,0,50,increment,4,10000,backdoor,0.07422028329127874,0.9704872369766235
167,96.875,0,100,increment,4,10000,backdoor,0.07413173230725291,0.9704333543777466
168,100.0,0,150,increment,4,10000,backdoor,0.07411719976744174,0.9703706502914429
169,89.0625,0,200,increment,4,10000,backdoor,0.07410661049517163,0.9703832864761353
170,100.0,0,250,increment,4,10000,backdoor,0.07411064872722248,0.9703658223152161
171,95.3125,0,300,increment,4,10000,backdoor,0.07409676951128286,0.9705162048339844
172,100.0,0,350,increment,4,10000,backdoor,0.07409609510348393,0.9703524708747864
173,100.0,0,400,increment,4,10000,backdoor,0.07408311353488402,0.9704165458679199
174,100.0,0,450,increment,4,10000,backdoor,0.07409979708683796,0.9702645540237427
175,100.0,0,500,increment,4,10000,backdoor,0.07409069621132248,0.9705364108085632
176,0.0,1,0,increment,4,10000,backdoor,0.4637406885033443,0.9585291147232056
177,98.52941036224365,1,50,increment,4,10000,backdoor,0.07421338342842244,0.9703300595283508
178,94.11764740943909,1,100,increment,4,10000,backdoor,0.07412988965188985,0.9704537391662598
179,98.52941036224365,1,150,increment,4,10000,backdoor,0.07411599013355229,0.9704803228378296
180,97.05882668495178,1,200,increment,4,10000,backdoor,0.07410829578524147,0.9705621600151062
181,97.05882668495178,1,250,increment,4,10000,backdoor,0.07406508731536376,0.9705435633659363
182,98.52941036224365,1,300,increment,4,10000,backdoor,0.07409180506264969,0.9704734683036804
183,97.05882668495178,1,350,increment,4,10000,backdoor,0.07407698075185011,0.9704774618148804
184,88.23529481887817,1,400,increment,4,10000,backdoor,0.07407998253693392,0.9706827402114868
185,97.05882668495178,1,450,increment,4,10000,backdoor,0.07410241475888898,0.9704184532165527
186,98.52941036224365,1,500,increment,4,10000,backdoor,0.07406977782924692,0.9704568982124329
187,1.4925372786819935,3,0,increment,4,10000,backdoor,0.47175960161121855,0.957243800163269
188,97.01492190361023,3,50,increment,4,10000,backdoor,0.07422194220038839,0.970376193523407
189,86.56716346740723,3,100,increment,4,10000,backdoor,0.07414928584040462,0.9703631401062012
190,91.04477167129517,3,150,increment,4,10000,backdoor,0.07412471601387838,0.9705213308334351
191,89.55223560333252,3,200,increment,4,10000,backdoor,0.07410301433090286,0.9704715609550476
192,91.04477167129517,3,250,increment,4,10000,backdoor,0.07409069893799183,0.9703662991523743
193,95.52238583564758,3,300,increment,4,10000,backdoor,0.07409065675276977,0.9701789617538452
194,95.52238583564758,3,350,increment,4,10000,backdoor,0.0740761717820501,0.9708024859428406
195,94.02984976768494,3,400,increment,4,10000,backdoor,0.07407828588863631,0.970503032207489
196,94.02984976768494,3,450,increment,4,10000,backdoor,0.07408563054594404,0.9707059860229492
197,97.01492190361023,3,500,increment,4,10000,backdoor,0.07406932139869059,0.970513641834259
198,0.0,0,0,increment,8,10000,backdoor,0.5630628091124665,0.9567108154296875
199,95.3125,0,50,increment,8,10000,backdoor,0.07424342607979452,0.9701436758041382
200,98.4375,0,100,increment,8,10000,backdoor,0.07414129431986864,0.9704279899597168
201,100.0,0,150,increment,8,10000,backdoor,0.07411781220864026,0.9703854322433472
202,98.4375,0,200,increment,8,10000,backdoor,0.07408441372198381,0.9702011346817017
203,100.0,0,250,increment,8,10000,backdoor,0.07408313564348332,0.9702185392379761
204,96.875,0,300,increment,8,10000,backdoor,0.07411249079209663,0.9705211520195007
205,100.0,0,350,increment,8,10000,backdoor,0.07409776229680556,0.9703595042228699
206,100.0,0,400,increment,8,10000,backdoor,0.07410809430695359,0.9702243804931641
207,95.3125,0,450,increment,8,10000,backdoor,0.07409450191231597,0.9703946113586426
208,100.0,0,500,increment,8,10000,backdoor,0.07405599932640027,0.9701600074768066
209,5.882352963089943,1,0,increment,8,10000,backdoor,0.5182886233939713,0.9601753354072571
210,92.64705777168274,1,50,increment,8,10000,backdoor,0.07424488460475748,0.970515251159668
211,91.17646813392639,1,100,increment,8,10000,backdoor,0.07417096011774801,0.9703251123428345
212,100.0,1,150,increment,8,10000,backdoor,0.07413273268229478,0.9705910682678223
213,98.52941036224365,1,200,increment,8,10000,backdoor,0.0741176905505585,0.9704917073249817
214,97.05882668495178,1,250,increment,8,10000,backdoor,0.07411937618797476,0.970488429069519
215,95.58823704719543,1,300,increment,8,10000,backdoor,0.07409512404447947,0.9705767631530762
216,98.52941036224365,1,350,increment,8,10000,backdoor,0.07410004764517426,0.9705403447151184
217,94.11764740943909,1,400,increment,8,10000,backdoor,0.07408632240790032,0.9706006050109863
218,92.64705777168274,1,450,increment,8,10000,backdoor,0.07406978415095167,0.9705009460449219
219,98.52941036224365,1,500,increment,8,10000,backdoor,0.07407409291375767,0.970550537109375
220,0.0,3,0,increment,8,10000,backdoor,0.6364907830050497,0.9494806528091431
221,95.52238583564758,3,50,increment,8,10000,backdoor,0.0742644766271809,0.9703693389892578
222,86.56716346740723,3,100,increment,8,10000,backdoor,0.07416720994007893,0.9704160690307617
223,94.02984976768494,3,150,increment,8,10000,backdoor,0.0741264127663799,0.9704839587211609
224,94.02984976768494,3,200,increment,8,10000,backdoor,0.07411298134943822,0.9704140424728394
225,95.52238583564758,3,250,increment,8,10000,backdoor,0.07409375346762873,0.9703969955444336
226,88.05969953536987,3,300,increment,8,10000,backdoor,0.07408934513797293,0.9705212712287903
227,89.55223560333252,3,350,increment,8,10000,backdoor,0.0740781540706719,0.9703419804573059
228,97.01492190361023,3,400,increment,8,10000,backdoor,0.07410277790956564,0.9704024195671082
229,92.53731369972229,3,450,increment,8,10000,backdoor,0.07412317417787784,0.970380961894989
230,92.53731369972229,3,500,increment,8,10000,backdoor,0.07407024714635524,0.9705835580825806
231,0.0,0,0,increment,16,10000,backdoor,0.8322420939282104,0.9269383549690247
232,100.0,0,50,increment,16,10000,backdoor,0.07416109964772538,0.9704359173774719
233,92.1875,0,100,increment,16,10000,backdoor,0.07412630291807623,0.9704632759094238
234,98.4375,0,150,increment,16,10000,backdoor,0.07408700124436603,0.9706166982650757
235,100.0,0,200,increment,16,10000,backdoor,0.07409455490001154,0.970268726348877
236,100.0,0,250,increment,16,10000,backdoor,0.07407485473128188,0.970481276512146
237,98.4375,0,300,increment,16,10000,backdoor,0.07406791146749105,0.9705133438110352
238,100.0,0,350,increment,16,10000,backdoor,0.07406272431770405,0.9707468152046204
239,100.0,0,400,increment,16,10000,backdoor,0.07409457363935061,0.9706754684448242
240,100.0,0,450,increment,16,10000,backdoor,0.07407203217694809,0.9705798029899597
241,93.75,0,500,increment,16,10000,backdoor,0.07403541215649852,0.9704364538192749
242,0.0,1,0,increment,16,10000,backdoor,0.7850237824283279,0.9322434663772583
243,98.52941036224365,1,50,increment,16,10000,backdoor,0.07419721200402245,0.9703685641288757
244,98.52941036224365,1,100,increment,16,10000,backdoor,0.0741319993645439,0.970477283000946
245,98.52941036224365,1,150,increment,16,10000,backdoor,0.07409426354583883,0.9705489277839661
246,98.52941036224365,1,200,increment,16,10000,backdoor,0.07405328832236759,0.9706632494926453
247,98.52941036224365,1,250,increment,16,10000,backdoor,0.07405216054066077,0.9704906344413757
248,92.64705777168274,1,300,increment,16,10000,backdoor,0.07404163976510365,0.970589280128479
249,98.52941036224365,1,350,increment,16,10000,backdoor,0.07404342349314745,0.9704970121383667
250,95.58823704719543,1,400,increment,16,10000,backdoor,0.07403626305101078,0.970650851726532
251,98.52941036224365,1,450,increment,16,10000,backdoor,0.07404904937619096,0.9706522226333618
252,94.11764740943909,1,500,increment,16,10000,backdoor,0.07403678174341197,0.9705491065979004
253,0.0,3,0,increment,16,10000,backdoor,0.8253156914091333,0.9360783696174622
254,94.02984976768494,3,50,increment,16,10000,backdoor,0.07417493025253424,0.9704586267471313
255,92.53731369972229,3,100,increment,16,10000,backdoor,0.07411496092875798,0.9705166816711426
256,95.52238583564758,3,150,increment,16,10000,backdoor,0.07408760991685596,0.9704681634902954
257,94.02984976768494,3,200,increment,16,10000,backdoor,0.07408320816941473,0.9702473878860474
258,92.53731369972229,3,250,increment,16,10000,backdoor,0.0740425192809605,0.970483124256134
259,95.52238583564758,3,300,increment,16,10000,backdoor,0.07406576766278639,0.9702572822570801
260,91.04477167129517,3,350,increment,16,10000,backdoor,0.07406130224674731,0.970672607421875
261,92.53731369972229,3,400,increment,16,10000,backdoor,0.07405146551785213,0.9705289006233215
262,92.53731369972229,3,450,increment,16,10000,backdoor,0.07404595120247705,0.9702909588813782
263,95.52238583564758,3,500,increment,16,10000,backdoor,0.0740481481685505,0.9704583287239075
264,0.0,0,0,increment,2,20000,backdoor,0.29715489463584444,0.9643772840499878
265,93.75,0,50,increment,2,20000,backdoor,0.07775681597404081,0.9697195291519165
266,93.75,0,100,increment,2,20000,backdoor,0.07762826404802883,0.9696469306945801
267,93.75,0,150,increment,2,20000,backdoor,0.0775871144813508,0.9698251485824585
268,95.3125,0,200,increment,2,20000,backdoor,0.07758202277264505,0.9695266485214233
269,89.0625,0,250,increment,2,20000,backdoor,0.07759846863399619,0.969721794128418
270,93.75,0,300,increment,2,20000,backdoor,0.07759342942075588,0.9697984457015991
271,93.75,0,350,increment,2,20000,backdoor,0.07757651058811384,0.9696038365364075
272,95.3125,0,400,increment,2,20000,backdoor,0.07759589727998101,0.969831645488739
273,85.9375,0,450,increment,2,20000,backdoor,0.07757344250529603,0.969782829284668
274,96.875,0,500,increment,2,20000,backdoor,0.07758605244225569,0.9698190689086914
275,0.0,1,0,increment,2,20000,backdoor,0.264458518234305,0.9658589363098145
276,76.47058963775635,1,50,increment,2,20000,backdoor,0.07771451132638114,0.9698351621627808
277,95.58823704719543,1,100,increment,2,20000,backdoor,0.07765251568787182,0.9697726964950562
278,91.17646813392639,1,150,increment,2,20000,backdoor,0.07763149732889513,0.969674289226532
279,76.47058963775635,1,200,increment,2,20000,backdoor,0.0776080958786197,0.969649612903595
280,91.17646813392639,1,250,increment,2,20000,backdoor,0.0776098865985549,0.9695234298706055
281,85.29411554336548,1,300,increment,2,20000,backdoor,0.07761626473735928,0.9695712327957153
282,83.82353186607361,1,350,increment,2,20000,backdoor,0.0775984768979151,0.9696160554885864
283,94.11764740943909,1,400,increment,2,20000,backdoor,0.07758600100111769,0.9696081280708313
284,89.70588445663452,1,450,increment,2,20000,backdoor,0.07758392732982045,0.9697214961051941
285,92.64705777168274,1,500,increment,2,20000,backdoor,0.07758931462173513,0.9696128964424133
286,0.0,3,0,increment,2,20000,backdoor,0.2876298485318766,0.9663917422294617
287,85.07462739944458,3,50,increment,2,20000,backdoor,0.07771695916342607,0.9695620536804199
288,89.55223560333252,3,100,increment,2,20000,backdoor,0.07765094814395326,0.9698079228401184
289,91.04477167129517,3,150,increment,2,20000,backdoor,0.07761028091701858,0.9697350263595581
290,89.55223560333252,3,200,increment,2,20000,backdoor,0.07760515601206018,0.9697637557983398
291,83.58208537101746,3,250,increment,2,20000,backdoor,0.07758691955126842,0.9696774482727051
292,85.07462739944458,3,300,increment,2,20000,backdoor,0.07759697483275135,0.9697407484054565
293,86.56716346740723,3,350,increment,2,20000,backdoor,0.07758651302268885,0.9696965217590332
294,91.04477167129517,3,400,increment,2,20000,backdoor,0.07759477729304139,0.9696604013442993
295,86.56716346740723,3,450,increment,2,20000,backdoor,0.07758813102370646,0.9696556329727173
296,92.53731369972229,3,500,increment,2,20000,backdoor,0.07756514788035433,0.9697302579879761
297,9.375,0,0,increment,4,20000,backdoor,0.30759712859907884,0.9667010307312012
298,93.75,0,50,increment,4,20000,backdoor,0.07764066673433684,0.9696194529533386
299,93.75,0,100,increment,4,20000,backdoor,0.07758539076643492,0.9698629379272461
300,93.75,0,150,increment,4,20000,backdoor,0.07757794535706307,0.9697256088256836
301,93.75,0,200,increment,4,20000,backdoor,0.07757592255455464,0.9698594212532043
302,95.3125,0,250,increment,4,20000,backdoor,0.07755309226859933,0.9698152542114258
303,95.3125,0,300,increment,4,20000,backdoor,0.07755174566150676,0.9696868658065796
304,95.3125,0,350,increment,4,20000,backdoor,0.07753599759422222,0.9698895215988159
305,93.75,0,400,increment,4,20000,backdoor,0.07754805207132008,0.9696273803710938
306,95.3125,0,450,increment,4,20000,backdoor,0.07754007024022769,0.9697878956794739
307,95.3125,0,500,increment,4,20000,backdoor,0.07754151737995225,0.9697839617729187
308,2.9411764815449715,1,0,increment,4,20000,backdoor,0.3308146782821883,0.964251697063446
309,83.82353186607361,1,50,increment,4,20000,backdoor,0.07765728064544117,0.9696750640869141
310,97.05882668495178,1,100,increment,4,20000,backdoor,0.07760136240134342,0.969621479511261
311,82.35294222831726,1,150,increment,4,20000,backdoor,0.07758397955417312,0.9696324467658997
312,92.64705777168274,1,200,increment,4,20000,backdoor,0.07759194604229092,0.969826340675354
313,89.70588445663452,1,250,increment,4,20000,backdoor,0.07756032376999482,0.9697736501693726
314,82.35294222831726,1,300,increment,4,20000,backdoor,0.07757605266860232,0.969799816608429
315,91.17646813392639,1,350,increment,4,20000,backdoor,0.07756822789213406,0.9697184562683105
316,85.29411554336548,1,400,increment,4,20000,backdoor,0.07756269368722112,0.9697467684745789
317,89.70588445663452,1,450,increment,4,20000,backdoor,0.07757102126742631,0.9697552919387817
318,95.58823704719543,1,500,increment,4,20000,backdoor,0.07757993096691579,0.9698165059089661
319,28.358209133148193,3,0,increment,4,20000,backdoor,0.3136905890932141,0.9661847352981567
320,85.07462739944458,3,50,increment,4,20000,backdoor,0.07766791540536919,0.9697945713996887
321,94.02984976768494,3,100,increment,4,20000,backdoor,0.07760418936449562,0.9696624875068665
322,79.10447716712952,3,150,increment,4,20000,backdoor,0.07758914311780442,0.9697129130363464
323,86.56716346740723,3,200,increment,4,20000,backdoor,0.07758782818069998,0.9697077870368958
324,89.55223560333252,3,250,increment,4,20000,backdoor,0.07757747692440077,0.9698659777641296
325,86.56716346740723,3,300,increment,4,20000,backdoor,0.07760199012782053,0.9697479009628296
326,100.0,3,350,increment,4,20000,backdoor,0.07757458409088641,0.9696563482284546
327,76.11939907073975,3,400,increment,4,20000,backdoor,0.0775606963893956,0.9699166417121887
328,74.6268630027771,3,450,increment,4,20000,backdoor,0.07758547658868876,0.969749927520752
329,95.52238583564758,3,500,increment,4,20000,backdoor,0.0775709987650663,0.9696385264396667
330,4.6875,0,0,increment,8,20000,backdoor,0.39740552896799425,0.9645112156867981
331,82.8125,0,50,increment,8,20000,backdoor,0.07763807146215053,0.9696651697158813
332,92.1875,0,100,increment,8,20000,backdoor,0.07760351695461735,0.9695814847946167
333,92.1875,0,150,increment,8,20000,backdoor,0.07758463885022623,0.9696717262268066
334,89.0625,0,200,increment,8,20000,backdoor,0.07754026767057229,0.9699665307998657
335,93.75,0,250,increment,8,20000,backdoor,0.07754857229656287,0.9697111248970032
336,95.3125,0,300,increment,8,20000,backdoor,0.07754819871320558,0.9697650671005249
337,95.3125,0,350,increment,8,20000,backdoor,0.0775417116272321,0.9697025418281555
338,95.3125,0,400,increment,8,20000,backdoor,0.07755706743450178,0.9697742462158203
339,93.75,0,450,increment,8,20000,backdoor,0.07753925872941544,0.9698845744132996
340,93.75,0,500,increment,8,20000,backdoor,0.07754137785728729,0.9697439074516296
341,16.17647111415863,1,0,increment,8,20000,backdoor,0.3248967386260026,0.9657462239265442
342,89.70588445663452,1,50,increment,8,20000,backdoor,0.07765325991251076,0.9695590734481812
343,98.52941036224365,1,100,increment,8,20000,backdoor,0.07759135578962349,0.9697701334953308
344,86.76470518112183,1,150,increment,8,20000,backdoor,0.07758624751291507,0.9697168469429016
345,89.70588445663452,1,200,increment,8,20000,backdoor,0.07756949161904841,0.9697534441947937
346,88.23529481887817,1,250,increment,8,20000,backdoor,0.07758390572112847,0.9696915745735168
347,92.64705777168274,1,300,increment,8,20000,backdoor,0.07756985296216615,0.9697157740592957
348,82.35294222831726,1,350,increment,8,20000,backdoor,0.07755961575397263,0.9697984457015991
349,92.64705777168274,1,400,increment,8,20000,backdoor,0.07756956903680637,0.9696448445320129
350,88.23529481887817,1,450,increment,8,20000,backdoor,0.07754885276774512,0.9696515798568726
351,85.29411554336548,1,500,increment,8,20000,backdoor,0.07755731175731456,0.9697129130363464
352,4.477611929178238,3,0,increment,8,20000,backdoor,0.4315531505949574,0.9635709524154663
353,88.05969953536987,3,50,increment,8,20000,backdoor,0.07763543240023109,0.969648003578186
354,86.56716346740723,3,100,increment,8,20000,backdoor,0.07757101974116182,0.9695758819580078
355,55.22388219833374,3,150,increment,8,20000,backdoor,0.07756808786740843,0.9697328805923462
356,89.55223560333252,3,200,increment,8,20000,backdoor,0.07756278594589297,0.9698211550712585
357,94.02984976768494,3,250,increment,8,20000,backdoor,0.07756132010942843,0.9698423147201538
358,89.55223560333252,3,300,increment,8,20000,backdoor,0.07756501142025958,0.9699034690856934
359,89.55223560333252,3,350,increment,8,20000,backdoor,0.07757777066002637,0.9696546792984009
360,89.55223560333252,3,400,increment,8,20000,backdoor,0.0775410773338012,0.9697229266166687
361,79.10447716712952,3,450,increment,8,20000,backdoor,0.0775484268395406,0.9697628021240234
362,94.02984976768494,3,500,increment,8,20000,backdoor,0.07754337542622558,0.9697586297988892
363,0.0,0,0,increment,16,20000,backdoor,0.4945794315933378,0.9621233940124512
364,95.3125,0,50,increment,16,20000,backdoor,0.07765719121839158,0.9698339700698853
365,95.3125,0,100,increment,16,20000,backdoor,0.07757151780544587,0.9698792695999146
366,93.75,0,150,increment,16,20000,backdoor,0.07755502600554186,0.9698115587234497
367,90.625,0,200,increment,16,20000,backdoor,0.07754572827338851,0.969720184803009
368,92.1875,0,250,increment,16,20000,backdoor,0.07753622896386927,0.9699044227600098
369,95.3125,0,300,increment,16,20000,backdoor,0.07755852646302341,0.9699035882949829
370,93.75,0,350,increment,16,20000,backdoor,0.07753041728005576,0.9697850346565247
371,93.75,0,400,increment,16,20000,backdoor,0.07754838440537132,0.9698799252510071
372,95.3125,0,450,increment,16,20000,backdoor,0.0775306810024935,0.9698395729064941
373,95.3125,0,500,increment,16,20000,backdoor,0.07754047021189468,0.9698559641838074
374,1.4705882407724857,1,0,increment,16,20000,backdoor,0.5283220686781599,0.9602743983268738
375,75.0,1,50,increment,16,20000,backdoor,0.07766738667521837,0.9696146249771118
376,82.35294222831726,1,100,increment,16,20000,backdoor,0.07758056151497396,0.969740092754364
377,86.76470518112183,1,150,increment,16,20000,backdoor,0.07752989942453942,0.969842791557312
378,94.11764740943909,1,200,increment,16,20000,backdoor,0.07755615249918799,0.9697105288505554
379,98.52941036224365,1,250,increment,16,20000,backdoor,0.0775264760032497,0.9696380496025085
380,91.17646813392639,1,300,increment,16,20000,backdoor,0.0775491351567992,0.9697763323783875
381,91.17646813392639,1,350,increment,16,20000,backdoor,0.07752344949105679,0.9697190523147583
382,88.23529481887817,1,400,increment,16,20000,backdoor,0.07755062344541769,0.9698459506034851
383,97.05882668495178,1,450,increment,16,20000,backdoor,0.07752659631707276,0.9698222279548645
384,79.41176295280457,1,500,increment,16,20000,backdoor,0.07751005869911044,0.9697414636611938
385,0.0,3,0,increment,16,20000,backdoor,0.5063448090136372,0.9612282514572144
386,88.05969953536987,3,50,increment,16,20000,backdoor,0.07761878411805212,0.9697154760360718
387,85.07462739944458,3,100,increment,16,20000,backdoor,0.07757296201313603,0.9697351455688477
388,74.6268630027771,3,150,increment,16,20000,backdoor,0.07755382701433251,0.9696812629699707
389,100.0,3,200,increment,16,20000,backdoor,0.07755267675313346,0.9698269963264465
390,95.52238583564758,3,250,increment,16,20000,backdoor,0.0775452704241655,0.9696338772773743
391,100.0,3,300,increment,16,20000,backdoor,0.07753745588973526,0.9699322581291199
392,95.52238583564758,3,350,increment,16,20000,backdoor,0.07754902025519034,0.9697187542915344
393,89.55223560333252,3,400,increment,16,20000,backdoor,0.07752714314149076,0.969745934009552
394,88.05969953536987,3,450,increment,16,20000,backdoor,0.07752889730136671,0.9697582125663757
395,98.50745797157288,3,500,increment,16,20000,backdoor,0.07754497734121878,0.9698439836502075
396,2.222222276031971,0,0,mult,2,3000,backdoor,1.4401307622591655,0.522334635257721
397,98.33333492279053,0,50,mult,2,3000,backdoor,0.15430007257631848,0.8964217305183411
398,98.33333492279053,0,100,mult,2,3000,backdoor,0.12574653579365638,0.9229284524917603
399,95.55555582046509,0,150,mult,2,3000,backdoor,0.11574064642190933,0.9302504658699036
400,97.77777791023254,0,200,mult,2,3000,backdoor,0.11005713159129733,0.9349225163459778
401,99.4444489479065,0,250,mult,2,3000,backdoor,0.10698018400442033,0.9371468424797058
402,98.33333492279053,0,300,mult,2,3000,backdoor,0.10466435289099103,0.9382656812667847
403,96.66666984558105,0,350,mult,2,3000,backdoor,0.10336752076234136,0.9412924647331238
404,96.66666984558105,0,400,mult,2,3000,backdoor,0.10227023991090911,0.9421886205673218
405,95.00000476837158,0,450,mult,2,3000,backdoor,0.09906884793724333,0.9430630803108215
406,93.33333373069763,0,500,mult,2,3000,backdoor,0.09847881315009935,0.9441975355148315
407,23.58490526676178,1,0,mult,2,3000,backdoor,1.4163963863153777,0.5224699378013611
408,97.64150977134705,1,50,mult,2,3000,backdoor,0.17207426068029905,0.895193874835968
409,93.86792778968811,1,100,mult,2,3000,backdoor,0.13627397725314044,0.918878436088562
410,96.22641801834106,1,150,mult,2,3000,backdoor,0.12407001845859454,0.9272244572639465
411,99.52830076217651,1,200,mult,2,3000,backdoor,0.11721527487324755,0.9320768117904663
412,97.64150977134705,1,250,mult,2,3000,backdoor,0.11304791015015835,0.9357142448425293
413,99.52830076217651,1,300,mult,2,3000,backdoor,0.11015206789285943,0.9381619691848755
414,96.22641801834106,1,350,mult,2,3000,backdoor,0.1082836032698029,0.9417975544929504
415,91.98113083839417,1,400,mult,2,3000,backdoor,0.10617456891747754,0.9408489465713501
416,96.69811725616455,1,450,mult,2,3000,backdoor,0.1044352339429148,0.9414830207824707
417,95.75471878051758,1,500,mult,2,3000,backdoor,0.10313721026102321,0.9435890316963196
418,0.5405405536293983,3,0,mult,2,3000,backdoor,1.42009180299403,0.5247372388839722
419,95.13514041900635,3,50,mult,2,3000,backdoor,0.17613466697161279,0.8940519094467163
420,98.37837815284729,3,100,mult,2,3000,backdoor,0.14048585124563373,0.9145466685295105
421,99.45946335792542,3,150,mult,2,3000,backdoor,0.12888215058015295,0.9258607625961304
422,95.13514041900635,3,200,mult,2,3000,backdoor,0.12178700378066615,0.9308853149414062
423,97.8378415107727,3,250,mult,2,3000,backdoor,0.1169945193392238,0.9319540858268738
424,98.37837815284729,3,300,mult,2,3000,backdoor,0.11313533861386149,0.9362137913703918
425,96.21621966362,3,350,mult,2,3000,backdoor,0.11096065915657573,0.9378426671028137
426,99.45946335792542,3,400,mult,2,3000,backdoor,0.10881912501519947,0.9408327341079712
427,98.91892075538635,3,450,mult,2,3000,backdoor,0.10757141620918895,0.9422505497932434
428,98.91892075538635,3,500,mult,2,3000,backdoor,0.1051378365623894,0.9415696859359741
429,3.888889029622078,0,0,mult,4,3000,backdoor,1.445716773328327,0.5217816233634949
430,98.88889193534851,0,50,mult,4,3000,backdoor,0.08148619791581517,0.9621771574020386
431,99.4444489479065,0,100,mult,4,3000,backdoor,0.07688557991669291,0.9678389430046082
432,98.33333492279053,0,150,mult,4,3000,backdoor,0.07479494483697982,0.9667518734931946
433,99.4444489479065,0,200,mult,4,3000,backdoor,0.07345947924823988,0.9693530797958374
434,100.0,0,250,mult,4,3000,backdoor,0.07329156753562746,0.969976544380188
435,99.4444489479065,0,300,mult,4,3000,backdoor,0.07258995356304306,0.9698626399040222
436,99.4444489479065,0,350,mult,4,3000,backdoor,0.07257593348622322,0.9696682095527649
437,99.4444489479065,0,400,mult,4,3000,backdoor,0.07232546391231673,0.9690588116645813
438,99.4444489479065,0,450,mult,4,3000,backdoor,0.07236692263256936,0.9697495698928833
439,100.0,0,500,mult,4,3000,backdoor,0.07217041740105265,0.9696230888366699
440,4.716981202363968,1,0,mult,4,3000,backdoor,1.4616177931927037,0.5232983231544495
441,97.64150977134705,1,50,mult,4,3000,backdoor,0.07801859077226603,0.9665113687515259
442,100.0,1,100,mult,4,3000,backdoor,0.07423174741308085,0.9690263867378235
443,100.0,1,150,mult,4,3000,backdoor,0.07335342235114586,0.9695868492126465
444,100.0,1,200,mult,4,3000,backdoor,0.07399366774627467,0.9689447283744812
445,100.0,1,250,mult,4,3000,backdoor,0.0723267253577424,0.9698538780212402
446,100.0,1,300,mult,4,3000,backdoor,0.07207028100792871,0.9697291254997253
447,100.0,1,350,mult,4,3000,backdoor,0.07223423491967351,0.9700096249580383
448,100.0,1,400,mult,4,3000,backdoor,0.0719473296375366,0.96966552734375
449,100.0,1,450,mult,4,3000,backdoor,0.07177386532702515,0.9696388244628906
450,100.0,1,500,mult,4,3000,backdoor,0.07180774308135064,0.9698922038078308
451,2.7027027681469917,3,0,mult,4,3000,backdoor,1.4506740838146666,0.5231260061264038
452,99.45946335792542,3,50,mult,4,3000,backdoor,0.07901130085499093,0.9653817415237427
453,99.45946335792542,3,100,mult,4,3000,backdoor,0.07465029415188794,0.9687303304672241
454,100.0,3,150,mult,4,3000,backdoor,0.07355450546484815,0.9693242907524109
455,98.37837815284729,3,200,mult,4,3000,backdoor,0.07307056038145814,0.9692968130111694
456,99.45946335792542,3,250,mult,4,3000,backdoor,0.07298969288476917,0.9691046476364136
457,98.91892075538635,3,300,mult,4,3000,backdoor,0.07254937330358907,0.9698781967163086
458,99.45946335792542,3,350,mult,4,3000,backdoor,0.07251768156387019,0.970297634601593
459,98.91892075538635,3,400,mult,4,3000,backdoor,0.07230026303438479,0.9698594808578491
460,99.45946335792542,3,450,mult,4,3000,backdoor,0.07207614532783271,0.9698417782783508
461,98.37837815284729,3,500,mult,4,3000,backdoor,0.07228645500526473,0.9696754217147827
462,0.0,0,0,mult,8,3000,backdoor,1.5448659533546085,0.5134072303771973
463,99.4444489479065,0,50,mult,8,3000,backdoor,0.0758841848444371,0.9663116335868835
464,99.4444489479065,0,100,mult,8,3000,backdoor,0.07359663297732671,0.970053493976593
465,100.0,0,150,mult,8,3000,backdoor,0.0724910658739862,0.9701573252677917
466,99.4444489479065,0,200,mult,8,3000,backdoor,0.07208781728432292,0.9700264930725098
467,100.0,0,250,mult,8,3000,backdoor,0.0720047839695499,0.9693318605422974
468,99.4444489479065,0,300,mult,8,3000,backdoor,0.07176094612195379,0.9698553085327148
469,100.0,0,350,mult,8,3000,backdoor,0.07150770290976478,0.9701325297355652
470,99.4444489479065,0,400,mult,8,3000,backdoor,0.07189011066442444,0.9697588086128235
471,98.88889193534851,0,450,mult,8,3000,backdoor,0.0713474209109942,0.9699404835700989
472,99.4444489479065,0,500,mult,8,3000,backdoor,0.07134158384232293,0.9695383906364441
473,5.188679322600365,1,0,mult,8,3000,backdoor,1.4746018562590677,0.5202123522758484
474,99.52830076217651,1,50,mult,8,3000,backdoor,0.07563609544312555,0.9693247079849243
475,100.0,1,100,mult,8,3000,backdoor,0.07304366278733933,0.969873309135437
476,99.0566074848175,1,150,mult,8,3000,backdoor,0.07283660487837769,0.9701798558235168
477,100.0,1,200,mult,8,3000,backdoor,0.07199194471231488,0.9702701568603516
478,99.0566074848175,1,250,mult,8,3000,backdoor,0.07226076960991444,0.9704724550247192
479,99.52830076217651,1,300,mult,8,3000,backdoor,0.07151511446996169,0.9701154828071594
480,100.0,1,350,mult,8,3000,backdoor,0.07162833762796302,0.9697720408439636
481,100.0,1,400,mult,8,3000,backdoor,0.0713981083063988,0.9704337120056152
482,100.0,1,450,mult,8,3000,backdoor,0.07112634463601135,0.9704758524894714
483,100.0,1,500,mult,8,3000,backdoor,0.07140405287155124,0.9702709913253784
484,0.0,3,0,mult,8,3000,backdoor,1.5701444217462859,0.5157369375228882
485,99.45946335792542,3,50,mult,8,3000,backdoor,0.07572438043840764,0.9652277827262878
486,97.8378415107727,3,100,mult,8,3000,backdoor,0.07302933475047207,0.9697647094726562
487,99.45946335792542,3,150,mult,8,3000,backdoor,0.07264306709954613,0.969959557056427
488,99.45946335792542,3,200,mult,8,3000,backdoor,0.07221318524705166,0.9694191217422485
489,99.45946335792542,3,250,mult,8,3000,backdoor,0.07209475021185487,0.969761073589325
490,98.37837815284729,3,300,mult,8,3000,backdoor,0.07207075043015503,0.9699720144271851
491,99.45946335792542,3,350,mult,8,3000,backdoor,0.0719811678217929,0.9700366854667664
492,99.45946335792542,3,400,mult,8,3000,backdoor,0.07177104679733942,0.9703445434570312
493,99.45946335792542,3,450,mult,8,3000,backdoor,0.07161492822272926,0.9703092575073242
494,99.45946335792542,3,500,mult,8,3000,backdoor,0.07158212541963495,0.970129132270813
495,9.444444626569748,0,0,mult,16,3000,backdoor,1.6119706602323622,0.509947657585144
496,100.0,0,50,mult,16,3000,backdoor,0.07408285016814868,0.9691027402877808
497,97.77777791023254,0,100,mult,16,3000,backdoor,0.07241761201903933,0.9668270945549011
498,98.88889193534851,0,150,mult,16,3000,backdoor,0.07192936990232694,0.9699236154556274
499,99.4444489479065,0,200,mult,16,3000,backdoor,0.07151969834452583,0.9703114628791809
500,99.4444489479065,0,250,mult,16,3000,backdoor,0.07162653250353677,0.9703157544136047
501,100.0,0,300,mult,16,3000,backdoor,0.07153970148591768,0.9704666137695312
502,99.4444489479065,0,350,mult,16,3000,backdoor,0.07115767938750131,0.9699727296829224
503,100.0,0,400,mult,16,3000,backdoor,0.07107406560154188,0.9696386456489563
504,99.4444489479065,0,450,mult,16,3000,backdoor,0.0707910197476546,0.970332145690918
505,99.4444489479065,0,500,mult,16,3000,backdoor,0.07112751450567019,0.9704866409301758
506,16.03773534297943,1,0,mult,16,3000,backdoor,1.6155233628441843,0.5126185417175293
507,96.69811725616455,1,50,mult,16,3000,backdoor,0.0747334630224123,0.9687618017196655
508,100.0,1,100,mult,16,3000,backdoor,0.07257656795841655,0.9700983166694641
509,99.52830076217651,1,150,mult,16,3000,backdoor,0.07244327439788426,0.9702839851379395
510,100.0,1,200,mult,16,3000,backdoor,0.07254945939522611,0.9700573682785034
511,100.0,1,250,mult,16,3000,backdoor,0.07129128159661043,0.9701868295669556
512,99.52830076217651,1,300,mult,16,3000,backdoor,0.07146545920218007,0.9696423411369324
513,100.0,1,350,mult,16,3000,backdoor,0.07121697171595678,0.9700511693954468
514,100.0,1,400,mult,16,3000,backdoor,0.07103858891714132,0.9696745872497559
515,100.0,1,450,mult,16,3000,backdoor,0.07119864011495307,0.9704066514968872
516,100.0,1,500,mult,16,3000,backdoor,0.07089414800468244,0.9702418446540833
517,0.0,3,0,mult,16,3000,backdoor,1.6415219135831989,0.5124487280845642
518,97.8378415107727,3,50,mult,16,3000,backdoor,0.07417477692285793,0.9687281847000122
519,99.45946335792542,3,100,mult,16,3000,backdoor,0.07247010507937253,0.9700581431388855
520,99.45946335792542,3,150,mult,16,3000,backdoor,0.07280182203892886,0.9703259468078613
521,99.45946335792542,3,200,mult,16,3000,backdoor,0.07161994916542866,0.9695765376091003
522,99.45946335792542,3,250,mult,16,3000,backdoor,0.07167050852016969,0.9702011346817017
523,100.0,3,300,mult,16,3000,backdoor,0.07141359620972683,0.9696542024612427
524,98.91892075538635,3,350,mult,16,3000,backdoor,0.07168301383844403,0.9701948165893555
525,99.45946335792542,3,400,mult,16,3000,backdoor,0.07146238913518961,0.9702979922294617
526,99.45946335792542,3,450,mult,16,3000,backdoor,0.0713410246315185,0.9700896143913269
527,100.0,3,500,mult,16,3000,backdoor,0.07110827886744549,0.9701884984970093
528,1.1111111380159855,0,0,mult,2,10000,backdoor,1.3561807001862571,0.5454427003860474
529,81.66666626930237,0,50,mult,2,10000,backdoor,0.13283795943466303,0.950843334197998
530,90.55556058883667,0,100,mult,2,10000,backdoor,0.11466086485257773,0.9572924375534058
531,95.00000476837158,0,150,mult,2,10000,backdoor,0.10505495906293949,0.9601699709892273
532,95.00000476837158,0,200,mult,2,10000,backdoor,0.09928983033887137,0.962659478187561
533,89.4444465637207,0,250,mult,2,10000,backdoor,0.09562697118827115,0.9641196131706238
534,97.77777791023254,0,300,mult,2,10000,backdoor,0.09295912952136214,0.9643470048904419
535,97.77777791023254,0,350,mult,2,10000,backdoor,0.0907992198715143,0.9659168124198914
536,98.33333492279053,0,400,mult,2,10000,backdoor,0.0893529101892888,0.9664071202278137
537,95.00000476837158,0,450,mult,2,10000,backdoor,0.08821111125436341,0.9669417142868042
538,98.33333492279053,0,500,mult,2,10000,backdoor,0.08712372138539207,0.9666436910629272
539,25.0,1,0,mult,2,10000,backdoor,1.3421557632005103,0.5477377772331238
540,79.71698045730591,1,50,mult,2,10000,backdoor,0.13273063939169188,0.9500635862350464
541,98.58490824699402,1,100,mult,2,10000,backdoor,0.11672137110172032,0.9558110237121582
542,77.35849022865295,1,150,mult,2,10000,backdoor,0.10944360007192487,0.9588854908943176
543,96.22641801834106,1,200,mult,2,10000,backdoor,0.10514735131063194,0.9603984951972961
544,97.16981053352356,1,250,mult,2,10000,backdoor,0.10231529851661664,0.9615095853805542
545,99.0566074848175,1,300,mult,2,10000,backdoor,0.10023873708445892,0.9615872502326965
546,88.20754885673523,1,350,mult,2,10000,backdoor,0.0984886526782936,0.9625657200813293
547,98.58490824699402,1,400,mult,2,10000,backdoor,0.09684367378668807,0.963275134563446
548,96.69811725616455,1,450,mult,2,10000,backdoor,0.09542034698702465,0.9640566110610962
549,91.98113083839417,1,500,mult,2,10000,backdoor,0.09436078068460817,0.9643630981445312
550,1.621621660888195,3,0,mult,2,10000,backdoor,1.3449801170380316,0.5506600141525269
551,86.48648858070374,3,50,mult,2,10000,backdoor,0.14681402012427278,0.9439548254013062
552,82.16216564178467,3,100,mult,2,10000,backdoor,0.125858791416215,0.9519546627998352
553,86.48648858070374,3,150,mult,2,10000,backdoor,0.11773992220166131,0.9559334516525269
554,91.35135412216187,3,200,mult,2,10000,backdoor,0.11267427894695897,0.9571474194526672
555,90.27027487754822,3,250,mult,2,10000,backdoor,0.10873006653284358,0.958532989025116
556,91.89189672470093,3,300,mult,2,10000,backdoor,0.10607346784427901,0.9608198404312134
557,92.43243336677551,3,350,mult,2,10000,backdoor,0.10394990393700444,0.9605523943901062
558,94.59459781646729,3,400,mult,2,10000,backdoor,0.10259293127700547,0.9621723890304565
559,86.48648858070374,3,450,mult,2,10000,backdoor,0.10093206043624989,0.9613826870918274
560,95.13514041900635,3,500,mult,2,10000,backdoor,0.09989706891649794,0.9626650810241699
561,6.111111119389534,0,0,mult,4,10000,backdoor,1.3546805777282358,0.5422255992889404
562,96.11111283302307,0,50,mult,4,10000,backdoor,0.0810991741682046,0.9691730737686157
563,99.4444489479065,0,100,mult,4,10000,backdoor,0.07879259562659487,0.9695426821708679
564,99.4444489479065,0,150,mult,4,10000,backdoor,0.0781363844697442,0.969668984413147
565,98.33333492279053,0,200,mult,4,10000,backdoor,0.07785719653991895,0.9701229333877563
566,98.88889193534851,0,250,mult,4,10000,backdoor,0.0776962231775032,0.9699352979660034
567,98.88889193534851,0,300,mult,4,10000,backdoor,0.07756456945126301,0.969855785369873
568,98.88889193534851,0,350,mult,4,10000,backdoor,0.07744338904794688,0.969488263130188
569,98.88889193534851,0,400,mult,4,10000,backdoor,0.07733350943460643,0.9699689745903015
570,99.4444489479065,0,450,mult,4,10000,backdoor,0.07739711192514852,0.970023512840271
571,99.4444489479065,0,500,mult,4,10000,backdoor,0.07726372075136577,0.969802975654602
572,12.735849618911743,1,0,mult,4,10000,backdoor,1.365122838276569,0.5469344258308411
573,98.11320900917053,1,50,mult,4,10000,backdoor,0.08153393027311731,0.9685837626457214
574,99.0566074848175,1,100,mult,4,10000,backdoor,0.07907047082678736,0.9694477319717407
575,99.52830076217651,1,150,mult,4,10000,backdoor,0.07842566137350052,0.9697343707084656
576,99.52830076217651,1,200,mult,4,10000,backdoor,0.07809703159972886,0.9693843722343445
577,99.0566074848175,1,250,mult,4,10000,backdoor,0.07786139609100663,0.9697617292404175
578,96.69811725616455,1,300,mult,4,10000,backdoor,0.07765817988629097,0.9694973230361938
579,99.0566074848175,1,350,mult,4,10000,backdoor,0.07748358924742614,0.9698766469955444
580,99.52830076217651,1,400,mult,4,10000,backdoor,0.07747231622304872,0.9697582125663757
581,92.92452931404114,1,450,mult,4,10000,backdoor,0.07729785922462139,0.9694085121154785
582,100.0,1,500,mult,4,10000,backdoor,0.07723563026950181,0.9700528979301453
583,0.0,3,0,mult,4,10000,backdoor,1.3599696911384012,0.5478872656822205
584,94.59459781646729,3,50,mult,4,10000,backdoor,0.08145802983335246,0.9684762954711914
585,99.45946335792542,3,100,mult,4,10000,backdoor,0.079125204915616,0.9690818786621094
586,97.29729890823364,3,150,mult,4,10000,backdoor,0.07849653719741607,0.9697214961051941
587,87.0270311832428,3,200,mult,4,10000,backdoor,0.07798785787667627,0.969626247882843
588,98.91892075538635,3,250,mult,4,10000,backdoor,0.07775083154648821,0.9696232676506042
589,100.0,3,300,mult,4,10000,backdoor,0.0776406560859112,0.9697945713996887
590,99.45946335792542,3,350,mult,4,10000,backdoor,0.07771222296858503,0.9697368741035461
591,95.13514041900635,3,400,mult,4,10000,backdoor,0.07743749252268087,0.9699462056159973
592,98.91892075538635,3,450,mult,4,10000,backdoor,0.0774795609900606,0.9696442484855652
593,99.45946335792542,3,500,mult,4,10000,backdoor,0.07730874890966394,0.9696213006973267
594,3.888889029622078,0,0,mult,8,10000,backdoor,1.4208150121653191,0.531788170337677
595,98.33333492279053,0,50,mult,8,10000,backdoor,0.07893461093445804,0.9692493677139282
596,99.4444489479065,0,100,mult,8,10000,backdoor,0.07773913185451632,0.9698325395584106
597,98.33333492279053,0,150,mult,8,10000,backdoor,0.07724555553955452,0.9696264266967773
598,98.33333492279053,0,200,mult,8,10000,backdoor,0.07688542145574204,0.970040500164032
599,99.4444489479065,0,250,mult,8,10000,backdoor,0.07681722321034035,0.9699142575263977
600,98.88889193534851,0,300,mult,8,10000,backdoor,0.07661608420312405,0.9700759649276733
601,99.4444489479065,0,350,mult,8,10000,backdoor,0.07638788313787674,0.9702169299125671
602,99.4444489479065,0,400,mult,8,10000,backdoor,0.07640044157889402,0.9699371457099915
603,98.88889193534851,0,450,mult,8,10000,backdoor,0.07629037765072327,0.970084011554718
604,99.4444489479065,0,500,mult,8,10000,backdoor,0.07655744900422118,0.9703050851821899
605,14.150944352149963,1,0,mult,8,10000,backdoor,1.3740440618211978,0.5357645750045776
606,99.52830076217651,1,50,mult,8,10000,backdoor,0.07903426145769168,0.9696959257125854
607,98.11320900917053,1,100,mult,8,10000,backdoor,0.07792469871308759,0.9694264531135559
608,99.52830076217651,1,150,mult,8,10000,backdoor,0.07749566336588881,0.969924807548523
609,99.52830076217651,1,200,mult,8,10000,backdoor,0.07729010961114247,0.9702199697494507
610,98.58490824699402,1,250,mult,8,10000,backdoor,0.0769660608303324,0.970040500164032
611,99.0566074848175,1,300,mult,8,10000,backdoor,0.07671969260358921,0.9699608087539673
612,100.0,1,350,mult,8,10000,backdoor,0.07657318306373101,0.9700385332107544
613,98.11320900917053,1,400,mult,8,10000,backdoor,0.07647839105017831,0.9696615934371948
614,98.11320900917053,1,450,mult,8,10000,backdoor,0.07647089776800614,0.9702023267745972
615,98.58490824699402,1,500,mult,8,10000,backdoor,0.07649220909192184,0.970181941986084
616,0.5405405536293983,3,0,mult,8,10000,backdoor,1.4292058905708456,0.5322765111923218
617,100.0,3,50,mult,8,10000,backdoor,0.07879153823601866,0.9696073532104492
618,90.27027487754822,3,100,mult,8,10000,backdoor,0.07752679915071647,0.9698814153671265
619,100.0,3,150,mult,8,10000,backdoor,0.07716367118687273,0.9699622988700867
620,98.37837815284729,3,200,mult,8,10000,backdoor,0.07678044777119829,0.9701140522956848
621,100.0,3,250,mult,8,10000,backdoor,0.07650561797841687,0.9698589444160461
622,99.45946335792542,3,300,mult,8,10000,backdoor,0.07644667105627394,0.970319390296936
623,100.0,3,350,mult,8,10000,backdoor,0.076387352492904,0.9702304601669312
624,100.0,3,400,mult,8,10000,backdoor,0.07633666582753725,0.970098614692688
625,98.91892075538635,3,450,mult,8,10000,backdoor,0.07624597250370779,0.9703073501586914
626,97.8378415107727,3,500,mult,8,10000,backdoor,0.07621129903350478,0.9702159762382507
627,1.666666753590107,0,0,mult,16,10000,backdoor,1.4689270352648798,0.527202308177948
628,99.4444489479065,0,50,mult,16,10000,backdoor,0.07801286787421347,0.9692153930664062
629,98.33333492279053,0,100,mult,16,10000,backdoor,0.07697080208040843,0.9699302911758423
630,99.4444489479065,0,150,mult,16,10000,backdoor,0.0767100625889045,0.9701059460639954
631,98.88889193534851,0,200,mult,16,10000,backdoor,0.07644621248000136,0.9702560305595398
632,98.88889193534851,0,250,mult,16,10000,backdoor,0.07642731046147436,0.9702733755111694
633,99.4444489479065,0,300,mult,16,10000,backdoor,0.07627965170437488,0.9702373743057251
634,98.88889193534851,0,350,mult,16,10000,backdoor,0.07638524410045036,0.9702786207199097
635,99.4444489479065,0,400,mult,16,10000,backdoor,0.07619269839792608,0.9702712893486023
636,97.22222685813904,0,450,mult,16,10000,backdoor,0.07619151013476827,0.9702509641647339
637,99.4444489479065,0,500,mult,16,10000,backdoor,0.0760928669195866,0.9703696966171265
638,0.0,1,0,mult,16,10000,backdoor,1.4694780751923535,0.5288095474243164
639,98.11320900917053,1,50,mult,16,10000,backdoor,0.07761498786091248,0.9698185920715332
640,99.0566074848175,1,100,mult,16,10000,backdoor,0.07666205860256592,0.969807505607605
641,99.0566074848175,1,150,mult,16,10000,backdoor,0.07644880256641691,0.970023512840271
642,100.0,1,200,mult,16,10000,backdoor,0.07637588559675997,0.9703050851821899
643,98.58490824699402,1,250,mult,16,10000,backdoor,0.07626685127615929,0.9703122973442078
644,99.0566074848175,1,300,mult,16,10000,backdoor,0.07624930374881375,0.9701014757156372
645,99.0566074848175,1,350,mult,16,10000,backdoor,0.0761663043331877,0.9703676104545593
646,100.0,1,400,mult,16,10000,backdoor,0.07613516978432085,0.9703611135482788
647,99.0566074848175,1,450,mult,16,10000,backdoor,0.07622696718671054,0.970215916633606
648,99.52830076217651,1,500,mult,16,10000,backdoor,0.0761318260751595,0.9703438878059387
649,0.0,3,0,mult,16,10000,backdoor,1.4825153024954216,0.5250811576843262
650,98.91892075538635,3,50,mult,16,10000,backdoor,0.07781458334457651,0.9698269963264465
651,100.0,3,100,mult,16,10000,backdoor,0.07690721447361965,0.9701095819473267
652,99.45946335792542,3,150,mult,16,10000,backdoor,0.07657122664223208,0.9700778126716614
653,98.37837815284729,3,200,mult,16,10000,backdoor,0.07639963700322905,0.9702647924423218
654,100.0,3,250,mult,16,10000,backdoor,0.07633114129165623,0.9703366160392761
655,99.45946335792542,3,300,mult,16,10000,backdoor,0.07626648767738142,0.9702637791633606
656,100.0,3,350,mult,16,10000,backdoor,0.07631340509750575,0.970227837562561
657,100.0,3,400,mult,16,10000,backdoor,0.07628005612467494,0.9703143239021301
658,98.37837815284729,3,450,mult,16,10000,backdoor,0.07616658320772314,0.9703301191329956
659,100.0,3,500,mult,16,10000,backdoor,0.0761559256396004,0.9703252911567688
660,2.777777798473835,0,0,mult,2,20000,backdoor,1.275682683254865,0.6095253229141235
661,80.55555820465088,0,50,mult,2,20000,backdoor,0.1013332666092717,0.9614742994308472
662,93.88889074325562,0,100,mult,2,20000,backdoor,0.0933624917739316,0.9648152589797974
663,86.11111044883728,0,150,mult,2,20000,backdoor,0.0893536401301743,0.9659878611564636
664,95.00000476837158,0,200,mult,2,20000,backdoor,0.08665720037562966,0.9673761129379272
665,87.77778148651123,0,250,mult,2,20000,backdoor,0.08458741394332868,0.9682434797286987
666,91.66666865348816,0,300,mult,2,20000,backdoor,0.08345501016267398,0.96852046251297
667,96.66666984558105,0,350,mult,2,20000,backdoor,0.08281463320277802,0.9687213897705078
668,98.88889193534851,0,400,mult,2,20000,backdoor,0.0825378340386186,0.9686276316642761
669,91.66666865348816,0,450,mult,2,20000,backdoor,0.08230402117517152,0.9688940048217773
670,86.66666746139526,0,500,mult,2,20000,backdoor,0.08196354971120232,0.9690462946891785
671,3.7735849618911743,1,0,mult,2,20000,backdoor,1.2535569933261947,0.6166960597038269
672,87.26415038108826,1,50,mult,2,20000,backdoor,0.1196383372069853,0.954681396484375
673,91.98113083839417,1,100,mult,2,20000,backdoor,0.10984126132549706,0.9574049115180969
674,87.26415038108826,1,150,mult,2,20000,backdoor,0.10534246932519109,0.9599577188491821
675,66.50943756103516,1,200,mult,2,20000,backdoor,0.10206463321661338,0.961429238319397
676,96.69811725616455,1,250,mult,2,20000,backdoor,0.0997908624057506,0.9615864753723145
677,94.8113203048706,1,300,mult,2,20000,backdoor,0.09813602688984993,0.9628131985664368
678,79.71698045730591,1,350,mult,2,20000,backdoor,0.09667454193397733,0.9634493589401245
679,86.79245710372925,1,400,mult,2,20000,backdoor,0.09558046627261861,0.9635049700737
680,82.54716992378235,1,450,mult,2,20000,backdoor,0.0946507447684503,0.963589072227478
681,95.28301954269409,1,500,mult,2,20000,backdoor,0.09397970569318766,0.9643322229385376
682,0.5405405536293983,3,0,mult,2,20000,backdoor,1.258532365002291,0.6244489550590515
683,94.59459781646729,3,50,mult,2,20000,backdoor,0.11013887283692636,0.9568876028060913
684,96.21621966362,3,100,mult,2,20000,backdoor,0.08984513830157266,0.9658669233322144
685,94.05405521392822,3,150,mult,2,20000,backdoor,0.08567838881582061,0.9672439694404602
686,90.8108115196228,3,200,mult,2,20000,backdoor,0.08417764213564585,0.9684812426567078
687,98.37837815284729,3,250,mult,2,20000,backdoor,0.08322503750543041,0.9686242938041687
688,91.35135412216187,3,300,mult,2,20000,backdoor,0.08272567418543433,0.9687877893447876
689,95.13514041900635,3,350,mult,2,20000,backdoor,0.08230133292324308,0.9682829976081848
690,98.37837815284729,3,400,mult,2,20000,backdoor,0.08204747714333528,0.9686673879623413
691,98.37837815284729,3,450,mult,2,20000,backdoor,0.08190790952941183,0.9689356088638306
692,98.37837815284729,3,500,mult,2,20000,backdoor,0.0817440107826762,0.9688342809677124
693,6.111111119389534,0,0,mult,4,20000,backdoor,1.257887744147446,0.6482175588607788
694,98.33333492279053,0,50,mult,4,20000,backdoor,0.08014326127354111,0.9694045186042786
695,98.33333492279053,0,100,mult,4,20000,backdoor,0.07913367885608583,0.9700101613998413
696,98.33333492279053,0,150,mult,4,20000,backdoor,0.07873601161757944,0.9701180458068848
697,98.88889193534851,0,200,mult,4,20000,backdoor,0.07854357098358684,0.9698998332023621
698,98.88889193534851,0,250,mult,4,20000,backdoor,0.07838982986173167,0.969896674156189
699,99.4444489479065,0,300,mult,4,20000,backdoor,0.07827749774966002,0.9701848030090332
700,98.88889193534851,0,350,mult,4,20000,backdoor,0.07820389319246436,0.9698649644851685
701,99.4444489479065,0,400,mult,4,20000,backdoor,0.07810642549142181,0.9699077606201172
702,98.88889193534851,0,450,mult,4,20000,backdoor,0.07806842948100184,0.9699676632881165
703,98.88889193534851,0,500,mult,4,20000,backdoor,0.0779913295558107,0.9701167941093445
704,2.358490601181984,1,0,mult,4,20000,backdoor,1.278842782121599,0.6284710168838501
705,99.0566074848175,1,50,mult,4,20000,backdoor,0.08029018721559592,0.9691826701164246
706,100.0,1,100,mult,4,20000,backdoor,0.07912707823490807,0.9697719812393188
707,98.58490824699402,1,150,mult,4,20000,backdoor,0.07866805243870185,0.9698053598403931
708,99.52830076217651,1,200,mult,4,20000,backdoor,0.07853261539247515,0.9698988795280457
709,100.0,1,250,mult,4,20000,backdoor,0.07833120027775707,0.969752311706543
710,99.52830076217651,1,300,mult,4,20000,backdoor,0.07831594424370007,0.9700319170951843
711,98.58490824699402,1,350,mult,4,20000,backdoor,0.07819291197175761,0.9698623418807983
712,98.11320900917053,1,400,mult,4,20000,backdoor,0.0781576254187647,0.9700329899787903
713,99.52830076217651,1,450,mult,4,20000,backdoor,0.07813493481129609,0.9699231386184692
714,99.52830076217651,1,500,mult,4,20000,backdoor,0.07809631179580805,0.9699551463127136
715,1.621621660888195,3,0,mult,4,20000,backdoor,1.2541689136732928,0.6555816531181335
716,95.67567706108093,3,50,mult,4,20000,backdoor,0.08004251044047506,0.9696986079216003
717,99.45946335792542,3,100,mult,4,20000,backdoor,0.07891041798549786,0.9698539972305298
718,95.13514041900635,3,150,mult,4,20000,backdoor,0.07850988983464466,0.9699615240097046
719,96.75675630569458,3,200,mult,4,20000,backdoor,0.07834208231826544,0.9699820280075073
720,97.29729890823364,3,250,mult,4,20000,backdoor,0.07822593187915812,0.9700062870979309
721,98.37837815284729,3,300,mult,4,20000,backdoor,0.07816274909556475,0.969948947429657
722,97.29729890823364,3,350,mult,4,20000,backdoor,0.07804674753735745,0.9699475169181824
723,98.91892075538635,3,400,mult,4,20000,backdoor,0.07803042087196177,0.9700281023979187
724,98.91892075538635,3,450,mult,4,20000,backdoor,0.07797258659976053,0.9699559211730957
725,98.37837815284729,3,500,mult,4,20000,backdoor,0.07797618113789964,0.9698569178581238
726,0.5555555690079927,0,0,mult,8,20000,backdoor,1.3285556018111193,0.5926174521446228
727,96.66666984558105,0,50,mult,8,20000,backdoor,0.07908117246289968,0.9697059392929077
728,99.4444489479065,0,100,mult,8,20000,backdoor,0.0778760510759476,0.9702081680297852
729,99.4444489479065,0,150,mult,8,20000,backdoor,0.07764609889020482,0.9702434539794922
730,98.88889193534851,0,200,mult,8,20000,backdoor,0.077364777525266,0.9702893495559692
731,93.88889074325562,0,250,mult,8,20000,backdoor,0.07741353074629136,0.9704906344413757
732,99.4444489479065,0,300,mult,8,20000,backdoor,0.07723208565099036,0.9701780080795288
733,99.4444489479065,0,350,mult,8,20000,backdoor,0.07728774253374492,0.9702781438827515
734,99.4444489479065,0,400,mult,8,20000,backdoor,0.07728404746806895,0.9701942205429077
735,97.77777791023254,0,450,mult,8,20000,backdoor,0.07719044120889283,0.9703882932662964
736,99.4444489479065,0,500,mult,8,20000,backdoor,0.07719096831987422,0.9703863263130188
737,0.0,1,0,mult,8,20000,backdoor,1.3032680230262952,0.5769556760787964
738,99.0566074848175,1,50,mult,8,20000,backdoor,0.0791282802719658,0.9698749780654907
739,99.52830076217651,1,100,mult,8,20000,backdoor,0.07824328349709672,0.9699975848197937
740,98.58490824699402,1,150,mult,8,20000,backdoor,0.07768318167662652,0.9701383709907532
741,96.69811725616455,1,200,mult,8,20000,backdoor,0.07759879787883617,0.9702821969985962
742,99.0566074848175,1,250,mult,8,20000,backdoor,0.07740957980696489,0.9703519940376282
743,98.11320900917053,1,300,mult,8,20000,backdoor,0.0773385058832072,0.9704076647758484
744,99.52830076217651,1,350,mult,8,20000,backdoor,0.07735137315655527,0.9702590703964233
745,99.0566074848175,1,400,mult,8,20000,backdoor,0.07721403003865086,0.9705144762992859
746,99.52830076217651,1,450,mult,8,20000,backdoor,0.07723877799173116,0.9703167080879211
747,100.0,1,500,mult,8,20000,backdoor,0.07728138789232926,0.9702528119087219
748,0.5405405536293983,3,0,mult,8,20000,backdoor,1.3196647999740323,0.6327542662620544
749,98.37837815284729,3,50,mult,8,20000,backdoor,0.07897892579255317,0.9696626663208008
750,98.37837815284729,3,100,mult,8,20000,backdoor,0.07804863621429232,0.9702035188674927
751,98.37837815284729,3,150,mult,8,20000,backdoor,0.07758761521091989,0.9700905680656433
752,98.37837815284729,3,200,mult,8,20000,backdoor,0.07753432964385762,0.9702283143997192
753,95.67567706108093,3,250,mult,8,20000,backdoor,0.0774288519653875,0.970203697681427
754,97.8378415107727,3,300,mult,8,20000,backdoor,0.07732835297401135,0.9704540371894836
755,98.37837815284729,3,350,mult,8,20000,backdoor,0.07724764204097663,0.9703077077865601
756,97.8378415107727,3,400,mult,8,20000,backdoor,0.07723407903824418,0.9702063798904419
757,97.8378415107727,3,450,mult,8,20000,backdoor,0.07720547684250895,0.9701484441757202
758,97.29729890823364,3,500,mult,8,20000,backdoor,0.07720040050354081,0.9702638387680054
759,1.666666753590107,0,0,mult,16,20000,backdoor,1.3720592561199276,0.556087851524353
760,87.22222447395325,0,50,mult,16,20000,backdoor,0.07794140105345632,0.9702546000480652
761,99.4444489479065,0,100,mult,16,20000,backdoor,0.07746318361738272,0.970075249671936
762,98.33333492279053,0,150,mult,16,20000,backdoor,0.0775891086451116,0.9702426195144653
763,98.88889193534851,0,200,mult,16,20000,backdoor,0.07736973258366309,0.9704867601394653
764,96.66666984558105,0,250,mult,16,20000,backdoor,0.07733079444179651,0.9704149961471558
765,98.33333492279053,0,300,mult,16,20000,backdoor,0.07715001862179413,0.9703091382980347
766,100.0,0,350,mult,16,20000,backdoor,0.07714815720332618,0.97022944688797
767,98.88889193534851,0,400,mult,16,20000,backdoor,0.07712645441615469,0.9703605771064758
768,96.66666984558105,0,450,mult,16,20000,backdoor,0.07717520233831908,0.9700983166694641
769,98.33333492279053,0,500,mult,16,20000,backdoor,0.07732186993325127,0.9705320596694946
770,0.9433962404727936,1,0,mult,16,20000,backdoor,1.3787802732907808,0.5766351819038391
771,99.0566074848175,1,50,mult,16,20000,backdoor,0.07806448511749144,0.9701358675956726
772,99.52830076217651,1,100,mult,16,20000,backdoor,0.07744776343929301,0.9703491926193237
773,99.52830076217651,1,150,mult,16,20000,backdoor,0.0772968783230595,0.9703785181045532
774,98.58490824699402,1,200,mult,16,20000,backdoor,0.07718729125222697,0.97032630443573
775,98.11320900917053,1,250,mult,16,20000,backdoor,0.07715067357910789,0.9703666567802429
776,98.11320900917053,1,300,mult,16,20000,backdoor,0.07706018943495435,0.9704469442367554
777,98.11320900917053,1,350,mult,16,20000,backdoor,0.07704244925063632,0.9704041481018066
778,97.64150977134705,1,400,mult,16,20000,backdoor,0.0770805985761075,0.9703180193901062
779,98.58490824699402,1,450,mult,16,20000,backdoor,0.0770022595117771,0.970192551612854
780,99.52830076217651,1,500,mult,16,20000,backdoor,0.0770101533868374,0.9705076217651367
781,0.5405405536293983,3,0,mult,16,20000,backdoor,1.368250243094286,0.5835661292076111
782,97.8378415107727,3,50,mult,16,20000,backdoor,0.07782979918877606,0.9701366424560547
783,96.75675630569458,3,100,mult,16,20000,backdoor,0.0775966180360269,0.9700557589530945
784,98.37837815284729,3,150,mult,16,20000,backdoor,0.07736598178442673,0.9702900648117065
785,97.29729890823364,3,200,mult,16,20000,backdoor,0.07728472373142899,0.9704166650772095
786,98.37837815284729,3,250,mult,16,20000,backdoor,0.07724952703786765,0.9703208208084106
787,98.37837815284729,3,300,mult,16,20000,backdoor,0.07711522868368147,0.9702108502388
788,97.8378415107727,3,350,mult,16,20000,backdoor,0.07706096804576364,0.9702432751655579
789,98.37837815284729,3,400,mult,16,20000,backdoor,0.07706420579057956,0.9703214764595032
790,98.37837815284729,3,450,mult,16,20000,backdoor,0.07728428754568421,0.9704071879386902
791,98.37837815284729,3,500,mult,16,20000,backdoor,0.07705111800618822,0.9703056216239929
