model,localization_method,data_name,ablation_type,ratio,perc_mem,acc,ppl_clean,ppl_noise,acc2,acc3,acc4,acc5,seed,num_grad,block_size,lambd,unlearn_set
4_layer_100_epoch.pth,,mult,,,0.0015772870974615,0.971161425113678,1.0836771726608276,1.161166071891785,tensor(0.9697),tensor(0.9676),tensor(0.9695),tensor(0.9712),0,512,50,1e-07,mem
4_layer_100_epoch.pth,greedy,mult,,,0.0,0.9708760380744934,1.0839178562164309,1.1617698669433594,tensor(0.9696),tensor(0.9673),tensor(0.9694),tensor(0.9709),0,512,50,1e-07,mem
4_layer_100_epoch.pth,,mult,,,0.0015772870974615,0.971161425113678,1.0836771726608276,1.161166071891785,tensor(0.9697),tensor(0.9676),tensor(0.9695),tensor(0.9712),0,512,50,1e-07,mem
4_layer_100_epoch.pth,durable,mult,,,0.0015772870974615,0.9711599349975586,1.083686351776123,1.161166071891785,tensor(0.9697),tensor(0.9676),tensor(0.9695),tensor(0.9712),0,512,50,1e-07,mem
4_layer_100_epoch.pth,,mult,,,0.0015772870974615,0.971161425113678,1.0836771726608276,1.161166071891785,tensor(0.9697),tensor(0.9676),tensor(0.9695),tensor(0.9712),0,512,50,1e-07,mem
4_layer_100_epoch.pth,durable_agg,mult,,,0.0015772870974615,0.9711599349975586,1.083686351776123,1.161166071891785,tensor(0.9697),tensor(0.9676),tensor(0.9695),tensor(0.9712),0,512,50,1e-07,mem
4_layer_100_epoch.pth,,mult,,,0.0015772870974615,0.971161425113678,1.0836771726608276,1.161166071891785,tensor(0.9697),tensor(0.9676),tensor(0.9695),tensor(0.9712),0,512,50,1e-07,mem
4_layer_100_epoch.pth,obs,mult,,,0.0015772870974615,0.9711689949035645,1.0836745500564575,1.161166071891785,tensor(0.9697),tensor(0.9676),tensor(0.9695),tensor(0.9712),0,512,50,1e-07,mem
4_layer_100_epoch.pth,,mult,,,0.0015772870974615,0.971161425113678,1.0836771726608276,1.161166071891785,tensor(0.9697),tensor(0.9676),tensor(0.9695),tensor(0.9712),0,512,50,1e-07,mem
4_layer_100_epoch.pth,greedy,mult,,,0.0015772870974615,0.9713327884674072,1.0853166580200195,1.164014458656311,tensor(0.9702),tensor(0.9672),tensor(0.9691),tensor(0.9713),0,512,50,1e-07,mem
4_layer_100_epoch.pth,,mult,,,0.0015772870974615,0.971161425113678,1.0836771726608276,1.161166071891785,tensor(0.9697),tensor(0.9676),tensor(0.9695),tensor(0.9712),0,512,50,1e-07,mem
4_layer_100_epoch.pth,durable,mult,,,0.0015772870974615,0.9710777401924132,1.0838215351104736,1.161523938179016,tensor(0.9699),tensor(0.9673),tensor(0.9696),tensor(0.9711),0,512,50,1e-07,mem
4_layer_100_epoch.pth,,mult,,,0.0015772870974615,0.971161425113678,1.0836771726608276,1.161166071891785,tensor(0.9697),tensor(0.9676),tensor(0.9695),tensor(0.9712),0,512,50,1e-07,mem
4_layer_100_epoch.pth,durable_agg,mult,,,0.0015772870974615,0.971125602722168,1.0836412906646729,1.1610745191574097,tensor(0.9697),tensor(0.9675),tensor(0.9695),tensor(0.9711),0,512,50,1e-07,mem
4_layer_100_epoch.pth,,mult,,,0.0015772870974615,0.971161425113678,1.0836771726608276,1.161166071891785,tensor(0.9697),tensor(0.9676),tensor(0.9695),tensor(0.9712),0,512,50,1e-07,mem
4_layer_100_epoch.pth,obs,mult,,,0.0015772870974615,0.9711397290229796,1.0836825370788574,1.161147117614746,tensor(0.9697),tensor(0.9676),tensor(0.9695),tensor(0.9711),0,512,50,1e-07,mem
4_layer_100_epoch.pth,,mult,,,0.0015772870974615,0.971161425113678,1.0836771726608276,1.161166071891785,tensor(0.9697),tensor(0.9676),tensor(0.9695),tensor(0.9712),0,512,50,1e-07,mem
4_layer_100_epoch.pth,greedy,mult,,,0.0015772870974615,0.9679146409034728,1.0882813930511477,1.17104172706604,tensor(0.9688),tensor(0.9667),tensor(0.9697),tensor(0.9679),0,512,50,1e-07,mem
4_layer_100_epoch.pth,,mult,,,0.0015772870974615,0.971161425113678,1.0836771726608276,1.161166071891785,tensor(0.9697),tensor(0.9676),tensor(0.9695),tensor(0.9712),0,512,50,1e-07,mem
4_layer_100_epoch.pth,durable,mult,,,0.0047318614087998,0.970853865146637,1.0851690769195557,1.165946125984192,tensor(0.9697),tensor(0.9671),tensor(0.9694),tensor(0.9709),0,512,50,1e-07,mem
4_layer_100_epoch.pth,,mult,,,0.0015772870974615,0.971161425113678,1.0836771726608276,1.161166071891785,tensor(0.9697),tensor(0.9676),tensor(0.9695),tensor(0.9712),0,512,50,1e-07,mem
4_layer_100_epoch.pth,durable_agg,mult,,,0.0,0.9711416959762572,1.084092140197754,1.1627476215362549,tensor(0.9698),tensor(0.9674),tensor(0.9695),tensor(0.9711),0,512,50,1e-07,mem
4_layer_100_epoch.pth,,mult,,,0.0015772870974615,0.971161425113678,1.0836771726608276,1.161166071891785,tensor(0.9697),tensor(0.9676),tensor(0.9695),tensor(0.9712),0,512,50,1e-07,mem
4_layer_100_epoch.pth,obs,mult,,,0.0015772870974615,0.9711543321609496,1.0837703943252563,1.16111159324646,tensor(0.9698),tensor(0.9675),tensor(0.9695),tensor(0.9712),0,512,50,1e-07,mem
4_layer_100_epoch.pth,,mult,,,0.0015772870974615,0.971161425113678,1.0836771726608276,1.161166071891785,tensor(0.9697),tensor(0.9676),tensor(0.9695),tensor(0.9712),0,512,50,1e-07,mem
4_layer_100_epoch.pth,greedy,mult,,,0.003154574194923,0.9646138548851012,1.0910546779632568,1.1764168739318848,tensor(0.9684),tensor(0.9665),tensor(0.9685),tensor(0.9646),0,512,50,1e-07,mem
4_layer_100_epoch.pth,,mult,,,0.0015772870974615,0.971161425113678,1.0836771726608276,1.161166071891785,tensor(0.9697),tensor(0.9676),tensor(0.9695),tensor(0.9712),0,512,50,1e-07,mem
4_layer_100_epoch.pth,durable,mult,,,0.0047318614087998,0.9703441858291626,1.0885361433029177,1.171260952949524,tensor(0.9700),tensor(0.9667),tensor(0.9693),tensor(0.9703),0,512,50,1e-07,mem
4_layer_100_epoch.pth,,mult,,,0.0015772870974615,0.971161425113678,1.0836771726608276,1.161166071891785,tensor(0.9697),tensor(0.9676),tensor(0.9695),tensor(0.9712),0,512,50,1e-07,mem
4_layer_100_epoch.pth,durable_agg,mult,,,0.0015772870974615,0.9712249040603638,1.0850006341934204,1.1661229133605957,tensor(0.9697),tensor(0.9672),tensor(0.9696),tensor(0.9712),0,512,50,1e-07,mem
4_layer_100_epoch.pth,,mult,,,0.0015772870974615,0.971161425113678,1.0836771726608276,1.161166071891785,tensor(0.9697),tensor(0.9676),tensor(0.9695),tensor(0.9712),0,512,50,1e-07,mem
4_layer_100_epoch.pth,obs,mult,,,0.0015772870974615,0.9711281061172484,1.0837982892990112,1.161320686340332,tensor(0.9698),tensor(0.9674),tensor(0.9694),tensor(0.9711),0,512,50,1e-07,mem
4_layer_100_epoch.pth,,mult,,,0.0015772870974615,0.971161425113678,1.0836771726608276,1.161166071891785,tensor(0.9697),tensor(0.9676),tensor(0.9695),tensor(0.9712),0,512,50,1e-07,mem
4_layer_100_epoch.pth,greedy,mult,,,0.0,0.9323912858963012,1.1362065076828003,1.2438920736312866,tensor(0.9500),tensor(0.9535),tensor(0.9539),tensor(0.9324),0,512,50,1e-07,mem
4_layer_100_epoch.pth,,mult,,,0.0015772870974615,0.971161425113678,1.0836771726608276,1.161166071891785,tensor(0.9697),tensor(0.9676),tensor(0.9695),tensor(0.9712),0,512,50,1e-07,mem
4_layer_100_epoch.pth,durable_agg,mult,,,0.0015772870974615,0.9700456857681274,1.0926271677017212,1.18126380443573,tensor(0.9696),tensor(0.9664),tensor(0.9688),tensor(0.9700),0,512,50,1e-07,mem
4_layer_100_epoch.pth,,mult,,,0.0015772870974615,0.971161425113678,1.0836771726608276,1.161166071891785,tensor(0.9697),tensor(0.9676),tensor(0.9695),tensor(0.9712),0,512,50,1e-07,mem
4_layer_100_epoch.pth,obs,mult,,,0.0015772870974615,0.9704691171646118,1.085151195526123,1.1639760732650757,tensor(0.9696),tensor(0.9667),tensor(0.9692),tensor(0.9705),0,512,50,1e-07,mem
4_layer_100_epoch.pth,,mult,,,0.0015772870974615,0.971161425113678,1.0836771726608276,1.161166071891785,tensor(0.9697),tensor(0.9676),tensor(0.9695),tensor(0.9712),0,512,50,1e-07,mem
4_layer_100_epoch.pth,greedy,mult,,,0.0015772870974615,0.9085419178009032,1.2130757570266724,1.341329574584961,tensor(0.9003),tensor(0.9260),tensor(0.9074),tensor(0.9085),0,512,50,1e-07,mem
4_layer_100_epoch.pth,,mult,,,0.0015772870974615,0.971161425113678,1.0836771726608276,1.161166071891785,tensor(0.9697),tensor(0.9676),tensor(0.9695),tensor(0.9712),0,512,50,1e-07,mem
4_layer_100_epoch.pth,durable,mult,,,0.003154574194923,0.966031551361084,1.129180908203125,1.2321478128433228,tensor(0.9667),tensor(0.9630),tensor(0.9649),tensor(0.9660),0,512,50,1e-07,mem
4_layer_100_epoch.pth,,mult,,,0.0015772870974615,0.971161425113678,1.0836771726608276,1.161166071891785,tensor(0.9697),tensor(0.9676),tensor(0.9695),tensor(0.9712),0,512,50,1e-07,mem
4_layer_100_epoch.pth,durable_agg,mult,,,0.0015772870974615,0.9693429470062256,1.1099567413330078,1.2143465280532837,tensor(0.9688),tensor(0.9653),tensor(0.9679),tensor(0.9693),0,512,50,1e-07,mem
4_layer_100_epoch.pth,,mult,,,0.0015772870974615,0.971161425113678,1.0836771726608276,1.161166071891785,tensor(0.9697),tensor(0.9676),tensor(0.9695),tensor(0.9712),0,512,50,1e-07,mem
4_layer_100_epoch.pth,obs,mult,,,0.0047318614087998,0.970139503479004,1.090837478637695,1.172093391418457,tensor(0.9691),tensor(0.9663),tensor(0.9688),tensor(0.9701),0,512,50,1e-07,mem
4_layer_100_epoch.pth,,mult,,,0.0015772870974615,0.971161425113678,1.0836771726608276,1.161166071891785,tensor(0.9697),tensor(0.9676),tensor(0.9695),tensor(0.9712),0,512,50,1e-07,mem
4_layer_100_epoch.pth,greedy,mult,,,0.0,0.856098473072052,1.50110125541687,1.6674857139587402,tensor(0.8545),tensor(0.8504),tensor(0.7971),tensor(0.8561),0,512,50,1e-07,mem
4_layer_100_epoch.pth,,mult,,,0.0015772870974615,0.971161425113678,1.0836771726608276,1.161166071891785,tensor(0.9697),tensor(0.9676),tensor(0.9695),tensor(0.9712),0,512,50,1e-07,mem
4_layer_100_epoch.pth,durable,mult,,,0.003154574194923,0.9566188454627992,1.2353893518447876,1.358910322189331,tensor(0.9621),tensor(0.9555),tensor(0.9573),tensor(0.9566),0,512,50,1e-07,mem
4_layer_100_epoch.pth,,mult,,,0.0015772870974615,0.971161425113678,1.0836771726608276,1.161166071891785,tensor(0.9697),tensor(0.9676),tensor(0.9695),tensor(0.9712),0,512,50,1e-07,mem
4_layer_100_epoch.pth,durable_agg,mult,,,0.0015772870974615,0.965669572353363,1.1830337047576904,1.3056670427322388,tensor(0.9657),tensor(0.9617),tensor(0.9658),tensor(0.9657),0,512,50,1e-07,mem
4_layer_100_epoch.pth,,mult,,,0.0015772870974615,0.971161425113678,1.0836771726608276,1.161166071891785,tensor(0.9697),tensor(0.9676),tensor(0.9695),tensor(0.9712),0,512,50,1e-07,mem
4_layer_100_epoch.pth,obs,mult,,,0.0,0.9690439701080322,1.1015914678573608,1.1910502910614014,tensor(0.9686),tensor(0.9652),tensor(0.9682),tensor(0.9690),0,512,50,1e-07,mem
4_layer_100_epoch.pth,,mult,,,0.0015772870974615,0.971161425113678,1.0836771726608276,1.161166071891785,tensor(0.9697),tensor(0.9676),tensor(0.9695),tensor(0.9712),0,512,50,1e-07,mem
4_layer_100_epoch.pth,greedy,mult,,,0.0,0.8180508017539978,1.990570425987244,2.179805994033813,tensor(0.8357),tensor(0.7649),tensor(0.7440),tensor(0.8181),0,512,50,1e-07,mem
4_layer_100_epoch.pth,,mult,,,0.0015772870974615,0.971161425113678,1.0836771726608276,1.161166071891785,tensor(0.9697),tensor(0.9676),tensor(0.9695),tensor(0.9712),0,512,50,1e-07,mem
4_layer_100_epoch.pth,durable,mult,,,0.0015772870974615,0.9473422169685364,1.3546797037124634,1.4886044263839722,tensor(0.9551),tensor(0.9456),tensor(0.9494),tensor(0.9473),0,512,50,1e-07,mem
4_layer_100_epoch.pth,,mult,,,0.0015772870974615,0.971161425113678,1.0836771726608276,1.161166071891785,tensor(0.9697),tensor(0.9676),tensor(0.9695),tensor(0.9712),0,512,50,1e-07,mem
4_layer_100_epoch.pth,durable_agg,mult,,,0.0015772870974615,0.961475908756256,1.2951936721801758,1.4336421489715576,tensor(0.9614),tensor(0.9573),tensor(0.9605),tensor(0.9615),0,512,50,1e-07,mem
4_layer_100_epoch.pth,,mult,,,0.0015772870974615,0.971161425113678,1.0836771726608276,1.161166071891785,tensor(0.9697),tensor(0.9676),tensor(0.9695),tensor(0.9712),0,512,50,1e-07,mem
4_layer_100_epoch.pth,obs,mult,,,0.003154574194923,0.966152012348175,1.1238927841186523,1.2163856029510498,tensor(0.9675),tensor(0.9623),tensor(0.9638),tensor(0.9662),0,512,50,1e-07,mem
4_layer_100_epoch.pth,,mult,,,0.0015772870974615,0.971161425113678,1.0836771726608276,1.161166071891785,tensor(0.9697),tensor(0.9676),tensor(0.9695),tensor(0.9712),0,512,50,1e-07,mem
4_layer_100_epoch.pth,greedy,mult,,,0.0,0.793179452419281,2.45396375656128,2.6380414962768555,tensor(0.8174),tensor(0.6850),tensor(0.7047),tensor(0.7932),0,512,50,1e-07,mem
4_layer_100_epoch.pth,,mult,,,0.0015772870974615,0.971161425113678,1.0836771726608276,1.161166071891785,tensor(0.9697),tensor(0.9676),tensor(0.9695),tensor(0.9712),0,512,50,1e-07,mem
4_layer_100_epoch.pth,durable,mult,,,0.0,0.937157154083252,1.51720130443573,1.65281081199646,tensor(0.9495),tensor(0.9382),tensor(0.9427),tensor(0.9372),0,512,50,1e-07,mem
4_layer_100_epoch.pth,,mult,,,0.0015772870974615,0.971161425113678,1.0836771726608276,1.161166071891785,tensor(0.9697),tensor(0.9676),tensor(0.9695),tensor(0.9712),0,512,50,1e-07,mem
4_layer_100_epoch.pth,durable_agg,mult,,,0.0,0.957369029521942,1.4203633069992063,1.585566163063049,tensor(0.9590),tensor(0.9518),tensor(0.9556),tensor(0.9574),0,512,50,1e-07,mem
4_layer_100_epoch.pth,,mult,,,0.0015772870974615,0.971161425113678,1.0836771726608276,1.161166071891785,tensor(0.9697),tensor(0.9676),tensor(0.9695),tensor(0.9712),0,512,50,1e-07,mem
4_layer_100_epoch.pth,obs,mult,,,0.006309148389846,0.9615026712417604,1.1608171463012695,1.2650282382965088,tensor(0.9651),tensor(0.9577),tensor(0.9589),tensor(0.9615),0,512,50,1e-07,mem
4_layer_100_epoch.pth,,mult,,,0.0015772870974615,0.971161425113678,1.0836771726608276,1.161166071891785,tensor(0.9697),tensor(0.9676),tensor(0.9695),tensor(0.9712),0,512,50,1e-07,mem
4_layer_100_epoch.pth,greedy,mult,,,0.0,0.7587850093841553,2.8542957305908203,3.021056652069092,tensor(0.8079),tensor(0.6252),tensor(0.6798),tensor(0.7588),0,512,50,1e-07,mem
4_layer_100_epoch.pth,,mult,,,0.0015772870974615,0.971161425113678,1.0836771726608276,1.161166071891785,tensor(0.9697),tensor(0.9676),tensor(0.9695),tensor(0.9712),0,512,50,1e-07,mem
4_layer_100_epoch.pth,durable,mult,,,0.0,0.9229690432548524,1.7742575407028198,1.907809853553772,tensor(0.9403),tensor(0.9234),tensor(0.9276),tensor(0.9230),0,512,50,1e-07,mem
4_layer_100_epoch.pth,,mult,,,0.0015772870974615,0.971161425113678,1.0836771726608276,1.161166071891785,tensor(0.9697),tensor(0.9676),tensor(0.9695),tensor(0.9712),0,512,50,1e-07,mem
4_layer_100_epoch.pth,durable_agg,mult,,,0.0,0.9469515085220336,1.6047813892364502,1.7782620191574097,tensor(0.9567),tensor(0.9422),tensor(0.9511),tensor(0.9470),0,512,50,1e-07,mem
4_layer_100_epoch.pth,,mult,,,0.0015772870974615,0.971161425113678,1.0836771726608276,1.161166071891785,tensor(0.9697),tensor(0.9676),tensor(0.9695),tensor(0.9712),0,512,50,1e-07,mem
4_layer_100_epoch.pth,obs,mult,,,0.0,0.9438514709472656,1.2350472211837769,1.361802577972412,tensor(0.9612),tensor(0.9444),tensor(0.9436),tensor(0.9439),0,512,50,1e-07,mem
4_layer_100_epoch.pth,,mult,,,0.0015772870974615,0.971161425113678,1.0836771726608276,1.161166071891785,tensor(0.9697),tensor(0.9676),tensor(0.9695),tensor(0.9712),0,512,50,1e-07,mem
4_layer_100_epoch.pth,greedy,mult,,,0.0,0.6067312359809875,3.506553649902344,3.634909629821777,tensor(0.7011),tensor(0.5551),tensor(0.5865),tensor(0.6067),0,512,50,1e-07,mem
4_layer_100_epoch.pth,,mult,,,0.0015772870974615,0.971161425113678,1.0836771726608276,1.161166071891785,tensor(0.9697),tensor(0.9676),tensor(0.9695),tensor(0.9712),0,512,50,1e-07,mem
4_layer_100_epoch.pth,durable,mult,,,0.0,0.8250712752342224,3.5603926181793213,3.695162773132324,tensor(0.8774),tensor(0.8255),tensor(0.8471),tensor(0.8251),0,512,50,1e-07,mem
4_layer_100_epoch.pth,,mult,,,0.0015772870974615,0.971161425113678,1.0836771726608276,1.161166071891785,tensor(0.9697),tensor(0.9676),tensor(0.9695),tensor(0.9712),0,512,50,1e-07,mem
4_layer_100_epoch.pth,durable_agg,mult,,,0.0,0.8829455971717834,2.890083312988281,3.029262065887451,tensor(0.9246),tensor(0.8523),tensor(0.8858),tensor(0.8829),0,512,50,1e-07,mem
4_layer_100_epoch.pth,,mult,,,0.0015772870974615,0.971161425113678,1.0836771726608276,1.161166071891785,tensor(0.9697),tensor(0.9676),tensor(0.9695),tensor(0.9712),0,512,50,1e-07,mem
4_layer_100_epoch.pth,obs,mult,,,0.0,0.8719765543937683,1.8686109781265257,2.057891130447388,tensor(0.9085),tensor(0.8752),tensor(0.8811),tensor(0.8720),0,512,50,1e-07,mem
4_layer_100_epoch.pth,,mult,,,0.0015772870974615,0.971161425113678,1.0836771726608276,1.161166071891785,tensor(0.9697),tensor(0.9676),tensor(0.9695),tensor(0.9712),0,512,50,1e-07,noise
4_layer_100_epoch.pth,greedy,mult,,,0.0,0.9705559015274048,1.0843369960784912,1.1615062952041626,tensor(0.9695),tensor(0.9674),tensor(0.9695),tensor(0.9706),0,512,50,1e-07,noise
4_layer_100_epoch.pth,,mult,,,0.0015772870974615,0.971161425113678,1.0836771726608276,1.161166071891785,tensor(0.9697),tensor(0.9676),tensor(0.9695),tensor(0.9712),0,512,50,1e-07,noise
4_layer_100_epoch.pth,durable,mult,,,0.0015772870974615,0.9711599349975586,1.083686351776123,1.161166071891785,tensor(0.9697),tensor(0.9676),tensor(0.9695),tensor(0.9712),0,512,50,1e-07,noise
4_layer_100_epoch.pth,,mult,,,0.0015772870974615,0.971161425113678,1.0836771726608276,1.161166071891785,tensor(0.9697),tensor(0.9676),tensor(0.9695),tensor(0.9712),0,512,50,1e-07,noise
4_layer_100_epoch.pth,durable_agg,mult,,,0.0015772870974615,0.971146821975708,1.0837260484695437,1.1615188121795654,tensor(0.9697),tensor(0.9676),tensor(0.9695),tensor(0.9711),0,512,50,1e-07,noise
4_layer_100_epoch.pth,,mult,,,0.0015772870974615,0.971161425113678,1.0836771726608276,1.161166071891785,tensor(0.9697),tensor(0.9676),tensor(0.9695),tensor(0.9712),0,512,50,1e-07,noise
4_layer_100_epoch.pth,obs,mult,,,0.0015772870974615,0.9711644649505616,1.0836989879608154,1.161166071891785,tensor(0.9697),tensor(0.9676),tensor(0.9695),tensor(0.9712),0,512,50,1e-07,noise
4_layer_100_epoch.pth,,mult,,,0.0015772870974615,0.971161425113678,1.0836771726608276,1.161166071891785,tensor(0.9697),tensor(0.9676),tensor(0.9695),tensor(0.9712),0,512,50,1e-07,noise
4_layer_100_epoch.pth,greedy,mult,,,0.0,0.9699559211730956,1.0862619876861572,1.1675992012023926,tensor(0.9705),tensor(0.9671),tensor(0.9693),tensor(0.9700),0,512,50,1e-07,noise
4_layer_100_epoch.pth,,mult,,,0.0015772870974615,0.971161425113678,1.0836771726608276,1.161166071891785,tensor(0.9697),tensor(0.9676),tensor(0.9695),tensor(0.9712),0,512,50,1e-07,noise
4_layer_100_epoch.pth,durable,mult,,,0.0015772870974615,0.9713302850723268,1.084017634391785,1.163982629776001,tensor(0.9698),tensor(0.9675),tensor(0.9694),tensor(0.9713),0,512,50,1e-07,noise
4_layer_100_epoch.pth,,mult,,,0.0015772870974615,0.971161425113678,1.0836771726608276,1.161166071891785,tensor(0.9697),tensor(0.9676),tensor(0.9695),tensor(0.9712),0,512,50,1e-07,noise
4_layer_100_epoch.pth,durable_agg,mult,,,0.0,0.971045970916748,1.083783745765686,1.1627269983291626,tensor(0.9696),tensor(0.9675),tensor(0.9695),tensor(0.9710),0,512,50,1e-07,noise
4_layer_100_epoch.pth,,mult,,,0.0015772870974615,0.971161425113678,1.0836771726608276,1.161166071891785,tensor(0.9697),tensor(0.9676),tensor(0.9695),tensor(0.9712),0,512,50,1e-07,noise
4_layer_100_epoch.pth,obs,mult,,,0.0015772870974615,0.9711543321609496,1.0837221145629885,1.1611603498458862,tensor(0.9697),tensor(0.9676),tensor(0.9695),tensor(0.9712),0,512,50,1e-07,noise
4_layer_100_epoch.pth,,mult,,,0.0015772870974615,0.971161425113678,1.0836771726608276,1.161166071891785,tensor(0.9697),tensor(0.9676),tensor(0.9695),tensor(0.9712),0,512,50,1e-07,noise
4_layer_100_epoch.pth,greedy,mult,,,0.0,0.9680915474891664,1.089158535003662,1.176341533660889,tensor(0.9694),tensor(0.9667),tensor(0.9694),tensor(0.9681),0,512,50,1e-07,noise
4_layer_100_epoch.pth,,mult,,,0.0015772870974615,0.971161425113678,1.0836771726608276,1.161166071891785,tensor(0.9697),tensor(0.9676),tensor(0.9695),tensor(0.9712),0,512,50,1e-07,noise
4_layer_100_epoch.pth,durable,mult,,,0.0,0.9711638689041138,1.0843305587768557,1.1639652252197266,tensor(0.9697),tensor(0.9674),tensor(0.9694),tensor(0.9712),0,512,50,1e-07,noise
4_layer_100_epoch.pth,,mult,,,0.0015772870974615,0.971161425113678,1.0836771726608276,1.161166071891785,tensor(0.9697),tensor(0.9676),tensor(0.9695),tensor(0.9712),0,512,50,1e-07,noise
4_layer_100_epoch.pth,durable_agg,mult,,,0.0,0.9712501168251038,1.0836777687072754,1.1623040437698364,tensor(0.9695),tensor(0.9674),tensor(0.9693),tensor(0.9713),0,512,50,1e-07,noise
4_layer_100_epoch.pth,,mult,,,0.0015772870974615,0.971161425113678,1.0836771726608276,1.161166071891785,tensor(0.9697),tensor(0.9676),tensor(0.9695),tensor(0.9712),0,512,50,1e-07,noise
4_layer_100_epoch.pth,obs,mult,,,0.0015772870974615,0.9712098836898804,1.0837879180908203,1.1611024141311646,tensor(0.9697),tensor(0.9675),tensor(0.9695),tensor(0.9712),0,512,50,1e-07,noise
4_layer_100_epoch.pth,,mult,,,0.0015772870974615,0.971161425113678,1.0836771726608276,1.161166071891785,tensor(0.9697),tensor(0.9676),tensor(0.9695),tensor(0.9712),0,512,50,1e-07,noise
4_layer_100_epoch.pth,greedy,mult,,,0.0015772870974615,0.9644600749015808,1.095576286315918,1.1870328187942505,tensor(0.9692),tensor(0.9661),tensor(0.9692),tensor(0.9645),0,512,50,1e-07,noise
4_layer_100_epoch.pth,,mult,,,0.0015772870974615,0.971161425113678,1.0836771726608276,1.161166071891785,tensor(0.9697),tensor(0.9676),tensor(0.9695),tensor(0.9712),0,512,50,1e-07,noise
4_layer_100_epoch.pth,durable,mult,,,0.0,0.9710394144058228,1.085559964179993,1.1670273542404177,tensor(0.9694),tensor(0.9672),tensor(0.9690),tensor(0.9710),0,512,50,1e-07,noise
4_layer_100_epoch.pth,,mult,,,0.0015772870974615,0.971161425113678,1.0836771726608276,1.161166071891785,tensor(0.9697),tensor(0.9676),tensor(0.9695),tensor(0.9712),0,512,50,1e-07,noise
4_layer_100_epoch.pth,durable_agg,mult,,,0.0,0.9711195826530457,1.0840497016906738,1.162353754043579,tensor(0.9690),tensor(0.9672),tensor(0.9693),tensor(0.9711),0,512,50,1e-07,noise
4_layer_100_epoch.pth,,mult,,,0.0015772870974615,0.971161425113678,1.0836771726608276,1.161166071891785,tensor(0.9697),tensor(0.9676),tensor(0.9695),tensor(0.9712),0,512,50,1e-07,noise
4_layer_100_epoch.pth,obs,mult,,,0.0,0.971211314201355,1.0837910175323486,1.1612671613693235,tensor(0.9697),tensor(0.9674),tensor(0.9695),tensor(0.9712),0,512,50,1e-07,noise
4_layer_100_epoch.pth,,mult,,,0.0015772870974615,0.971161425113678,1.0836771726608276,1.161166071891785,tensor(0.9697),tensor(0.9676),tensor(0.9695),tensor(0.9712),0,512,50,1e-07,noise
4_layer_100_epoch.pth,greedy,mult,,,0.0,0.9330023527145386,1.1453582048416138,1.25922954082489,tensor(0.9482),tensor(0.9520),tensor(0.9586),tensor(0.9330),0,512,50,1e-07,noise
4_layer_100_epoch.pth,,mult,,,0.0015772870974615,0.971161425113678,1.0836771726608276,1.161166071891785,tensor(0.9697),tensor(0.9676),tensor(0.9695),tensor(0.9712),0,512,50,1e-07,noise
4_layer_100_epoch.pth,durable,mult,,,0.0094637228175997,0.9699826240539552,1.1167161464691162,1.2011840343475342,tensor(0.9688),tensor(0.9664),tensor(0.9675),tensor(0.9700),0,512,50,1e-07,noise
4_layer_100_epoch.pth,,mult,,,0.0015772870974615,0.971161425113678,1.0836771726608276,1.161166071891785,tensor(0.9697),tensor(0.9676),tensor(0.9695),tensor(0.9712),0,512,50,1e-07,noise
4_layer_100_epoch.pth,durable_agg,mult,,,0.006309148389846,0.9704626202583312,1.0965821743011477,1.1860535144805908,tensor(0.9688),tensor(0.9669),tensor(0.9684),tensor(0.9705),0,512,50,1e-07,noise
4_layer_100_epoch.pth,,mult,,,0.0015772870974615,0.971161425113678,1.0836771726608276,1.161166071891785,tensor(0.9697),tensor(0.9676),tensor(0.9695),tensor(0.9712),0,512,50,1e-07,noise
4_layer_100_epoch.pth,obs,mult,,,0.0,0.9704681634902954,1.0855932235717771,1.164586067199707,tensor(0.9696),tensor(0.9669),tensor(0.9692),tensor(0.9705),0,512,50,1e-07,noise
4_layer_100_epoch.pth,,mult,,,0.0015772870974615,0.971161425113678,1.0836771726608276,1.161166071891785,tensor(0.9697),tensor(0.9676),tensor(0.9695),tensor(0.9712),0,512,50,1e-07,noise
4_layer_100_epoch.pth,greedy,mult,,,0.0,0.9095704555511476,1.22661292552948,1.3590683937072754,tensor(0.9032),tensor(0.9236),tensor(0.9108),tensor(0.9096),0,512,50,1e-07,noise
4_layer_100_epoch.pth,,mult,,,0.0015772870974615,0.971161425113678,1.0836771726608276,1.161166071891785,tensor(0.9697),tensor(0.9676),tensor(0.9695),tensor(0.9712),0,512,50,1e-07,noise
4_layer_100_epoch.pth,durable,mult,,,0.0047318614087998,0.9635874032974244,1.1633532047271729,1.2723453044891355,tensor(0.9653),tensor(0.9618),tensor(0.9624),tensor(0.9636),0,512,50,1e-07,noise
4_layer_100_epoch.pth,,mult,,,0.0015772870974615,0.971161425113678,1.0836771726608276,1.161166071891785,tensor(0.9697),tensor(0.9676),tensor(0.9695),tensor(0.9712),0,512,50,1e-07,noise
4_layer_100_epoch.pth,durable_agg,mult,,,0.006309148389846,0.9701757431030272,1.125619649887085,1.2336992025375366,tensor(0.9679),tensor(0.9661),tensor(0.9669),tensor(0.9702),0,512,50,1e-07,noise
4_layer_100_epoch.pth,,mult,,,0.0015772870974615,0.971161425113678,1.0836771726608276,1.161166071891785,tensor(0.9697),tensor(0.9676),tensor(0.9695),tensor(0.9712),0,512,50,1e-07,noise
4_layer_100_epoch.pth,obs,mult,,,0.0015772870974615,0.970143973827362,1.0914877653121948,1.1735053062438965,tensor(0.9691),tensor(0.9667),tensor(0.9690),tensor(0.9701),0,512,50,1e-07,noise
4_layer_100_epoch.pth,,mult,,,0.0015772870974615,0.971161425113678,1.0836771726608276,1.161166071891785,tensor(0.9697),tensor(0.9676),tensor(0.9695),tensor(0.9712),0,512,50,1e-07,noise
4_layer_100_epoch.pth,greedy,mult,,,0.0,0.8427259922027588,1.5460662841796875,1.7318378686904907,tensor(0.8523),tensor(0.8458),tensor(0.8019),tensor(0.8427),0,512,50,1e-07,noise
4_layer_100_epoch.pth,,mult,,,0.0015772870974615,0.971161425113678,1.0836771726608276,1.161166071891785,tensor(0.9697),tensor(0.9676),tensor(0.9695),tensor(0.9712),0,512,50,1e-07,noise
4_layer_100_epoch.pth,durable,mult,,,0.0,0.9337273240089417,1.3861911296844482,1.524634838104248,tensor(0.9461),tensor(0.9383),tensor(0.9341),tensor(0.9337),0,512,50,1e-07,noise
4_layer_100_epoch.pth,,mult,,,0.0015772870974615,0.971161425113678,1.0836771726608276,1.161166071891785,tensor(0.9697),tensor(0.9676),tensor(0.9695),tensor(0.9712),0,512,50,1e-07,noise
4_layer_100_epoch.pth,durable_agg,mult,,,0.0015772870974615,0.9684515595436096,1.1994575262069702,1.3097336292266846,tensor(0.9670),tensor(0.9608),tensor(0.9646),tensor(0.9685),0,512,50,1e-07,noise
4_layer_100_epoch.pth,,mult,,,0.0015772870974615,0.971161425113678,1.0836771726608276,1.161166071891785,tensor(0.9697),tensor(0.9676),tensor(0.9695),tensor(0.9712),0,512,50,1e-07,noise
4_layer_100_epoch.pth,obs,mult,,,0.0015772870974615,0.9686083793640136,1.1029521226882937,1.192337989807129,tensor(0.9675),tensor(0.9649),tensor(0.9681),tensor(0.9686),0,512,50,1e-07,noise
4_layer_100_epoch.pth,,mult,,,0.0015772870974615,0.971161425113678,1.0836771726608276,1.161166071891785,tensor(0.9697),tensor(0.9676),tensor(0.9695),tensor(0.9712),0,512,50,1e-07,noise
4_layer_100_epoch.pth,greedy,mult,,,0.0,0.808890163898468,2.0705370903015137,2.270531177520752,tensor(0.8259),tensor(0.7517),tensor(0.7496),tensor(0.8089),0,512,50,1e-07,noise
4_layer_100_epoch.pth,,mult,,,0.0015772870974615,0.971161425113678,1.0836771726608276,1.161166071891785,tensor(0.9697),tensor(0.9676),tensor(0.9695),tensor(0.9712),0,512,50,1e-07,noise
4_layer_100_epoch.pth,durable,mult,,,0.0,0.9003321528434753,1.7707568407058716,1.9183979034423828,tensor(0.9233),tensor(0.9058),tensor(0.9065),tensor(0.9003),0,512,50,1e-07,noise
4_layer_100_epoch.pth,,mult,,,0.0015772870974615,0.971161425113678,1.0836771726608276,1.161166071891785,tensor(0.9697),tensor(0.9676),tensor(0.9695),tensor(0.9712),0,512,50,1e-07,noise
4_layer_100_epoch.pth,durable_agg,mult,,,0.0,0.9631955623626708,1.315762281417847,1.4393260478973389,tensor(0.9641),tensor(0.9506),tensor(0.9567),tensor(0.9632),0,512,50,1e-07,noise
4_layer_100_epoch.pth,,mult,,,0.0015772870974615,0.971161425113678,1.0836771726608276,1.161166071891785,tensor(0.9697),tensor(0.9676),tensor(0.9695),tensor(0.9712),0,512,50,1e-07,noise
4_layer_100_epoch.pth,obs,mult,,,0.003154574194923,0.9641550779342652,1.1301119327545166,1.2282639741897583,tensor(0.9652),tensor(0.9606),tensor(0.9653),tensor(0.9642),0,512,50,1e-07,noise
4_layer_100_epoch.pth,,mult,,,0.0015772870974615,0.971161425113678,1.0836771726608276,1.161166071891785,tensor(0.9697),tensor(0.9676),tensor(0.9695),tensor(0.9712),0,512,50,1e-07,noise
4_layer_100_epoch.pth,greedy,mult,,,0.0,0.7766247987747192,2.497499227523804,2.689152956008911,tensor(0.8369),tensor(0.6875),tensor(0.6965),tensor(0.7766),0,512,50,1e-07,noise
4_layer_100_epoch.pth,,mult,,,0.0015772870974615,0.971161425113678,1.0836771726608276,1.161166071891785,tensor(0.9697),tensor(0.9676),tensor(0.9695),tensor(0.9712),0,512,50,1e-07,noise
4_layer_100_epoch.pth,durable,mult,,,0.0,0.8700178861618042,2.261827230453491,2.379061698913574,tensor(0.8971),tensor(0.8694),tensor(0.8788),tensor(0.8700),0,512,50,1e-07,noise
4_layer_100_epoch.pth,,mult,,,0.0015772870974615,0.971161425113678,1.0836771726608276,1.161166071891785,tensor(0.9697),tensor(0.9676),tensor(0.9695),tensor(0.9712),0,512,50,1e-07,noise
4_layer_100_epoch.pth,durable_agg,mult,,,0.0,0.9502431750297546,1.6554147005081177,1.793507099151611,tensor(0.9542),tensor(0.9336),tensor(0.9401),tensor(0.9502),0,512,50,1e-07,noise
4_layer_100_epoch.pth,,mult,,,0.0015772870974615,0.971161425113678,1.0836771726608276,1.161166071891785,tensor(0.9697),tensor(0.9676),tensor(0.9695),tensor(0.9712),0,512,50,1e-07,noise
4_layer_100_epoch.pth,obs,mult,,,0.0,0.9517572522163392,1.2032585144042969,1.309464454650879,tensor(0.9554),tensor(0.9516),tensor(0.9583),tensor(0.9518),0,512,50,1e-07,noise
4_layer_100_epoch.pth,,mult,,,0.0015772870974615,0.971161425113678,1.0836771726608276,1.161166071891785,tensor(0.9697),tensor(0.9676),tensor(0.9695),tensor(0.9712),0,512,50,1e-07,noise
4_layer_100_epoch.pth,greedy,mult,,,0.0,0.7566942572593689,2.910377025604248,3.0839242935180664,tensor(0.8044),tensor(0.6318),tensor(0.6732),tensor(0.7567),0,512,50,1e-07,noise
4_layer_100_epoch.pth,,mult,,,0.0015772870974615,0.971161425113678,1.0836771726608276,1.161166071891785,tensor(0.9697),tensor(0.9676),tensor(0.9695),tensor(0.9712),0,512,50,1e-07,noise
4_layer_100_epoch.pth,durable,mult,,,0.0,0.8455720543861389,2.6656734943389893,2.7741122245788574,tensor(0.8762),tensor(0.8425),tensor(0.8560),tensor(0.8456),0,512,50,1e-07,noise
4_layer_100_epoch.pth,,mult,,,0.0015772870974615,0.971161425113678,1.0836771726608276,1.161166071891785,tensor(0.9697),tensor(0.9676),tensor(0.9695),tensor(0.9712),0,512,50,1e-07,noise
4_layer_100_epoch.pth,durable_agg,mult,,,0.0,0.9414833188056946,1.9100128412246704,2.0533573627471924,tensor(0.9418),tensor(0.9152),tensor(0.9145),tensor(0.9415),0,512,50,1e-07,noise
4_layer_100_epoch.pth,,mult,,,0.0015772870974615,0.971161425113678,1.0836771726608276,1.161166071891785,tensor(0.9697),tensor(0.9676),tensor(0.9695),tensor(0.9712),0,512,50,1e-07,noise
4_layer_100_epoch.pth,obs,mult,,,0.0,0.9412252306938172,1.258158564567566,1.3885473012924194,tensor(0.9518),tensor(0.9421),tensor(0.9511),tensor(0.9412),0,512,50,1e-07,noise
4_layer_100_epoch.pth,,mult,,,0.0015772870974615,0.971161425113678,1.0836771726608276,1.161166071891785,tensor(0.9697),tensor(0.9676),tensor(0.9695),tensor(0.9712),0,512,50,1e-07,noise
4_layer_100_epoch.pth,greedy,mult,,,0.0,0.6020112037658691,3.551197052001953,3.6857926845550537,tensor(0.7104),tensor(0.5581),tensor(0.5883),tensor(0.6020),0,512,50,1e-07,noise
4_layer_100_epoch.pth,,mult,,,0.0015772870974615,0.971161425113678,1.0836771726608276,1.161166071891785,tensor(0.9697),tensor(0.9676),tensor(0.9695),tensor(0.9712),0,512,50,1e-07,noise
4_layer_100_epoch.pth,durable,mult,,,0.0,0.7365142107009888,6.208933830261231,6.308814525604248,tensor(0.7751),tensor(0.7288),tensor(0.7503),tensor(0.7365),0,512,50,1e-07,noise
4_layer_100_epoch.pth,,mult,,,0.0015772870974615,0.971161425113678,1.0836771726608276,1.161166071891785,tensor(0.9697),tensor(0.9676),tensor(0.9695),tensor(0.9712),0,512,50,1e-07,noise
4_layer_100_epoch.pth,durable_agg,mult,,,0.0,0.8170853853225708,4.453949451446533,4.611999988555908,tensor(0.8651),tensor(0.7619),tensor(0.7936),tensor(0.8171),0,512,50,1e-07,noise
4_layer_100_epoch.pth,,mult,,,0.0015772870974615,0.971161425113678,1.0836771726608276,1.161166071891785,tensor(0.9697),tensor(0.9676),tensor(0.9695),tensor(0.9712),0,512,50,1e-07,noise
4_layer_100_epoch.pth,obs,mult,,,0.0,0.8418422341346741,2.3771297931671143,2.571488618850708,tensor(0.8796),tensor(0.8470),tensor(0.8638),tensor(0.8418),0,512,50,1e-07,noise
4_layer_100_epoch.pth,,mult,,,0.0015772870974615,0.971161425113678,1.0836771726608276,1.161166071891785,tensor(0.9697),tensor(0.9676),tensor(0.9695),tensor(0.9712),0,512,50,1e-07,seven
4_layer_100_epoch.pth,greedy,mult,,,0.0,0.9706401824951172,1.0869921445846558,1.1652343273162842,tensor(0.9703),tensor(0.9670),tensor(0.9693),tensor(0.9706),0,512,50,1e-07,seven
4_layer_100_epoch.pth,,mult,,,0.0015772870974615,0.971161425113678,1.0836771726608276,1.161166071891785,tensor(0.9697),tensor(0.9676),tensor(0.9695),tensor(0.9712),0,512,50,1e-07,seven
4_layer_100_epoch.pth,durable,mult,,,0.0015772870974615,0.9711599349975586,1.083686351776123,1.161166071891785,tensor(0.9697),tensor(0.9676),tensor(0.9695),tensor(0.9712),0,512,50,1e-07,seven
4_layer_100_epoch.pth,,mult,,,0.0015772870974615,0.971161425113678,1.0836771726608276,1.161166071891785,tensor(0.9697),tensor(0.9676),tensor(0.9695),tensor(0.9712),0,512,50,1e-07,seven
4_layer_100_epoch.pth,durable_agg,mult,,,0.0015772870974615,0.9711599349975586,1.0836694240570068,1.1611496210098269,tensor(0.9697),tensor(0.9676),tensor(0.9695),tensor(0.9712),0,512,50,1e-07,seven
4_layer_100_epoch.pth,,mult,,,0.0015772870974615,0.971161425113678,1.0836771726608276,1.161166071891785,tensor(0.9697),tensor(0.9676),tensor(0.9695),tensor(0.9712),0,512,50,1e-07,seven
4_layer_100_epoch.pth,obs,mult,,,0.0015772870974615,0.971172034740448,1.0836780071258545,1.161166071891785,tensor(0.9697),tensor(0.9676),tensor(0.9695),tensor(0.9712),0,512,50,1e-07,seven
4_layer_100_epoch.pth,,mult,,,0.0015772870974615,0.971161425113678,1.0836771726608276,1.161166071891785,tensor(0.9697),tensor(0.9676),tensor(0.9695),tensor(0.9712),0,512,50,1e-07,seven
4_layer_100_epoch.pth,greedy,mult,,,0.0015772870974615,0.9708210825920104,1.0901566743850708,1.1697392463684082,tensor(0.9701),tensor(0.9675),tensor(0.9696),tensor(0.9708),0,512,50,1e-07,seven
4_layer_100_epoch.pth,,mult,,,0.0015772870974615,0.971161425113678,1.0836771726608276,1.161166071891785,tensor(0.9697),tensor(0.9676),tensor(0.9695),tensor(0.9712),0,512,50,1e-07,seven
4_layer_100_epoch.pth,durable,mult,,,0.0015772870974615,0.9714608788490297,1.0844576358795166,1.162434697151184,tensor(0.9699),tensor(0.9677),tensor(0.9694),tensor(0.9715),0,512,50,1e-07,seven
4_layer_100_epoch.pth,,mult,,,0.0015772870974615,0.971161425113678,1.0836771726608276,1.161166071891785,tensor(0.9697),tensor(0.9676),tensor(0.9695),tensor(0.9712),0,512,50,1e-07,seven
4_layer_100_epoch.pth,durable_agg,mult,,,0.0015772870974615,0.9709708094596864,1.0831676721572876,1.1608468294143677,tensor(0.9695),tensor(0.9675),tensor(0.9693),tensor(0.9710),0,512,50,1e-07,seven
4_layer_100_epoch.pth,,mult,,,0.0015772870974615,0.971161425113678,1.0836771726608276,1.161166071891785,tensor(0.9697),tensor(0.9676),tensor(0.9695),tensor(0.9712),0,512,50,1e-07,seven
4_layer_100_epoch.pth,obs,mult,,,0.0,0.9712042808532716,1.0836994647979736,1.1612902879714966,tensor(0.9697),tensor(0.9676),tensor(0.9694),tensor(0.9712),0,512,50,1e-07,seven
4_layer_100_epoch.pth,,mult,,,0.0015772870974615,0.971161425113678,1.0836771726608276,1.161166071891785,tensor(0.9697),tensor(0.9676),tensor(0.9695),tensor(0.9712),0,512,50,1e-07,seven
4_layer_100_epoch.pth,greedy,mult,,,0.0,0.9633817076683044,3.760438919067383,4.084155559539795,tensor(0.9664),tensor(0.9545),tensor(0.9640),tensor(0.9634),0,512,50,1e-07,seven
4_layer_100_epoch.pth,,mult,,,0.0015772870974615,0.971161425113678,1.0836771726608276,1.161166071891785,tensor(0.9697),tensor(0.9676),tensor(0.9695),tensor(0.9712),0,512,50,1e-07,seven
4_layer_100_epoch.pth,durable,mult,,,0.0,0.9704591035842896,1.0841079950332642,1.164517879486084,tensor(0.9694),tensor(0.9676),tensor(0.9690),tensor(0.9705),0,512,50,1e-07,seven
4_layer_100_epoch.pth,,mult,,,0.0015772870974615,0.971161425113678,1.0836771726608276,1.161166071891785,tensor(0.9697),tensor(0.9676),tensor(0.9695),tensor(0.9712),0,512,50,1e-07,seven
4_layer_100_epoch.pth,durable_agg,mult,,,0.003154574194923,0.9704642295837402,1.0824655294418335,1.160106182098389,tensor(0.9689),tensor(0.9673),tensor(0.9689),tensor(0.9705),0,512,50,1e-07,seven
4_layer_100_epoch.pth,,mult,,,0.0015772870974615,0.971161425113678,1.0836771726608276,1.161166071891785,tensor(0.9697),tensor(0.9676),tensor(0.9695),tensor(0.9712),0,512,50,1e-07,seven
4_layer_100_epoch.pth,obs,mult,,,0.0015772870974615,0.9690005779266356,1.097212791442871,1.178520917892456,tensor(0.9686),tensor(0.9650),tensor(0.9665),tensor(0.9690),0,512,50,1e-07,seven
4_layer_100_epoch.pth,,mult,,,0.0015772870974615,0.971161425113678,1.0836771726608276,1.161166071891785,tensor(0.9697),tensor(0.9676),tensor(0.9695),tensor(0.9712),0,512,50,1e-07,seven
4_layer_100_epoch.pth,greedy,mult,,,0.0,0.9270219206809998,1529.0887451171875,1546.466796875,tensor(0.9454),tensor(0.8773),tensor(0.9338),tensor(0.9270),0,512,50,1e-07,seven
4_layer_100_epoch.pth,,mult,,,0.0015772870974615,0.971161425113678,1.0836771726608276,1.161166071891785,tensor(0.9697),tensor(0.9676),tensor(0.9695),tensor(0.9712),0,512,50,1e-07,seven
4_layer_100_epoch.pth,durable,mult,,,0.003154574194923,0.9705034494400024,1.084750056266785,1.165768265724182,tensor(0.9696),tensor(0.9677),tensor(0.9691),tensor(0.9705),0,512,50,1e-07,seven
4_layer_100_epoch.pth,,mult,,,0.0015772870974615,0.971161425113678,1.0836771726608276,1.161166071891785,tensor(0.9697),tensor(0.9676),tensor(0.9695),tensor(0.9712),0,512,50,1e-07,seven
4_layer_100_epoch.pth,durable_agg,mult,,,0.003154574194923,0.9701515436172484,1.0828990936279297,1.1612155437469482,tensor(0.9691),tensor(0.9673),tensor(0.9687),tensor(0.9702),0,512,50,1e-07,seven
4_layer_100_epoch.pth,,mult,,,0.0015772870974615,0.971161425113678,1.0836771726608276,1.161166071891785,tensor(0.9697),tensor(0.9676),tensor(0.9695),tensor(0.9712),0,512,50,1e-07,seven
4_layer_100_epoch.pth,obs,mult,,,0.0015772870974615,0.9675883650779724,1.1055805683135986,1.1913065910339355,tensor(0.9674),tensor(0.9634),tensor(0.9639),tensor(0.9676),0,512,50,1e-07,seven
4_layer_100_epoch.pth,,mult,,,0.0015772870974615,0.971161425113678,1.0836771726608276,1.161166071891785,tensor(0.9697),tensor(0.9676),tensor(0.9695),tensor(0.9712),0,512,50,1e-07,seven
4_layer_100_epoch.pth,greedy,mult,,,0.0,0.8551551699638367,62730.41796875,65938.234375,tensor(0.9220),tensor(0.7820),tensor(0.9251),tensor(0.8552),0,512,50,1e-07,seven
4_layer_100_epoch.pth,,mult,,,0.0015772870974615,0.971161425113678,1.0836771726608276,1.161166071891785,tensor(0.9697),tensor(0.9676),tensor(0.9695),tensor(0.9712),0,512,50,1e-07,seven
4_layer_100_epoch.pth,durable,mult,,,0.0015772870974615,0.9703704118728638,1.1014875173568726,1.1930601596832275,tensor(0.9689),tensor(0.9674),tensor(0.9692),tensor(0.9704),0,512,50,1e-07,seven
4_layer_100_epoch.pth,,mult,,,0.0015772870974615,0.971161425113678,1.0836771726608276,1.161166071891785,tensor(0.9697),tensor(0.9676),tensor(0.9695),tensor(0.9712),0,512,50,1e-07,seven
4_layer_100_epoch.pth,durable_agg,mult,,,0.0,0.969354510307312,1.0854846239089966,1.1705386638641355,tensor(0.9679),tensor(0.9666),tensor(0.9681),tensor(0.9694),0,512,50,1e-07,seven
4_layer_100_epoch.pth,,mult,,,0.0015772870974615,0.971161425113678,1.0836771726608276,1.161166071891785,tensor(0.9697),tensor(0.9676),tensor(0.9695),tensor(0.9712),0,512,50,1e-07,seven
4_layer_100_epoch.pth,obs,mult,,,0.0,0.968433439731598,1.0982693433761597,1.1828651428222656,tensor(0.9674),tensor(0.9650),tensor(0.9661),tensor(0.9684),0,512,50,1e-07,seven
4_layer_100_epoch.pth,,mult,,,0.0015772870974615,0.971161425113678,1.0836771726608276,1.161166071891785,tensor(0.9697),tensor(0.9676),tensor(0.9695),tensor(0.9712),0,512,50,1e-07,seven
4_layer_100_epoch.pth,greedy,mult,,,0.0,0.7804387807846069,99659.375,103845.2734375,tensor(0.8911),tensor(0.7408),tensor(0.8778),tensor(0.7804),0,512,50,1e-07,seven
4_layer_100_epoch.pth,,mult,,,0.0015772870974615,0.971161425113678,1.0836771726608276,1.161166071891785,tensor(0.9697),tensor(0.9676),tensor(0.9695),tensor(0.9712),0,512,50,1e-07,seven
4_layer_100_epoch.pth,durable,mult,,,0.0,0.9687156677246094,1.1589653491973877,1.2658131122589111,tensor(0.9684),tensor(0.9666),tensor(0.9681),tensor(0.9687),0,512,50,1e-07,seven
4_layer_100_epoch.pth,,mult,,,0.0015772870974615,0.971161425113678,1.0836771726608276,1.161166071891785,tensor(0.9697),tensor(0.9676),tensor(0.9695),tensor(0.9712),0,512,50,1e-07,seven
4_layer_100_epoch.pth,durable,mult,,,0.0,0.8790186047554016,2.603445291519165,2.8370094299316406,tensor(0.9436),tensor(0.9154),tensor(0.9327),tensor(0.8790),0,512,50,1e-07,seven
4_layer_100_epoch.pth,,mult,,,0.0015772870974615,0.971161425113678,1.0836771726608276,1.161166071891785,tensor(0.9697),tensor(0.9676),tensor(0.9695),tensor(0.9712),0,512,50,1e-07,seven
4_layer_100_epoch.pth,durable_agg,mult,,,0.0,0.9336280822753906,1.97836172580719,2.180534601211548,tensor(0.9593),tensor(0.9439),tensor(0.9552),tensor(0.9336),0,512,50,1e-07,seven
4_layer_100_epoch.pth,,mult,,,0.0015772870974615,0.971161425113678,1.0836771726608276,1.161166071891785,tensor(0.9697),tensor(0.9676),tensor(0.9695),tensor(0.9712),0,512,50,1e-07,seven
4_layer_100_epoch.pth,obs,mult,,,0.0,0.7234836220741272,3.530822277069092,3.815347194671631,tensor(0.8105),tensor(0.7576),tensor(0.7967),tensor(0.7235),0,512,50,1e-07,seven
4_layer_100_epoch.pth,,mult,,,0.0015772870974615,0.971161425113678,1.0836771726608276,1.161166071891785,tensor(0.9697),tensor(0.9676),tensor(0.9695),tensor(0.9712),0,512,50,1e-07,seven
4_layer_100_epoch.pth,greedy,mult,,,0.0,0.4248480200767517,25612.8828125,21799.4765625,tensor(0.5060),tensor(0.4211),tensor(0.4818),tensor(0.4248),0,512,50,1e-07,seven
4_layer_100_epoch.pth,,mult,,,0.0015772870974615,0.971161425113678,1.0836771726608276,1.161166071891785,tensor(0.9697),tensor(0.9676),tensor(0.9695),tensor(0.9712),0,512,50,1e-07,seven
4_layer_100_epoch.pth,durable,mult,,,0.0,0.7178803086280823,5.622411727905273,5.860186576843262,tensor(0.8551),tensor(0.7920),tensor(0.8380),tensor(0.7179),0,512,50,1e-07,seven
4_layer_100_epoch.pth,,mult,,,0.0015772870974615,0.971161425113678,1.0836771726608276,1.161166071891785,tensor(0.9697),tensor(0.9676),tensor(0.9695),tensor(0.9712),0,512,50,1e-07,seven
4_layer_100_epoch.pth,durable_agg,mult,,,0.0,0.7806586027145386,4.687748908996582,4.998908996582031,tensor(0.8901),tensor(0.8568),tensor(0.8890),tensor(0.7807),0,512,50,1e-07,seven
4_layer_100_epoch.pth,,mult,,,0.0015772870974615,0.971161425113678,1.0836771726608276,1.161166071891785,tensor(0.9697),tensor(0.9676),tensor(0.9695),tensor(0.9712),0,512,50,1e-07,seven
4_layer_100_epoch.pth,obs,mult,,,0.0,0.5264483690261841,17.126510620117188,18.05104255676269,tensor(0.5667),tensor(0.5537),tensor(0.6040),tensor(0.5264),0,512,50,1e-07,seven
4_layer_100_epoch.pth,,mult,,,0.0015772870974615,0.971161425113678,1.0836771726608276,1.161166071891785,tensor(0.9697),tensor(0.9676),tensor(0.9695),tensor(0.9712),0,512,50,1e-07,two
4_layer_100_epoch.pth,greedy,mult,,,0.0,0.971066117286682,1.0838756561279297,1.1613305807113647,tensor(0.9696),tensor(0.9676),tensor(0.9692),tensor(0.9711),0,512,50,1e-07,two
4_layer_100_epoch.pth,,mult,,,0.0015772870974615,0.971161425113678,1.0836771726608276,1.161166071891785,tensor(0.9697),tensor(0.9676),tensor(0.9695),tensor(0.9712),0,512,50,1e-07,two
4_layer_100_epoch.pth,durable,mult,,,0.0015772870974615,0.9711599349975586,1.083686351776123,1.161166071891785,tensor(0.9697),tensor(0.9676),tensor(0.9695),tensor(0.9712),0,512,50,1e-07,two
4_layer_100_epoch.pth,,mult,,,0.0015772870974615,0.971161425113678,1.0836771726608276,1.161166071891785,tensor(0.9697),tensor(0.9676),tensor(0.9695),tensor(0.9712),0,512,50,1e-07,two
4_layer_100_epoch.pth,durable_agg,mult,,,0.0015772870974615,0.971226930618286,1.083749294281006,1.1611846685409546,tensor(0.9696),tensor(0.9677),tensor(0.9695),tensor(0.9712),0,512,50,1e-07,two
4_layer_100_epoch.pth,,mult,,,0.0015772870974615,0.971161425113678,1.0836771726608276,1.161166071891785,tensor(0.9697),tensor(0.9676),tensor(0.9695),tensor(0.9712),0,512,50,1e-07,two
4_layer_100_epoch.pth,obs,mult,,,0.0015772870974615,0.9711629152297974,1.083664894104004,1.161166071891785,tensor(0.9697),tensor(0.9676),tensor(0.9695),tensor(0.9712),0,512,50,1e-07,two
4_layer_100_epoch.pth,,mult,,,0.0015772870974615,0.971161425113678,1.0836771726608276,1.161166071891785,tensor(0.9697),tensor(0.9676),tensor(0.9695),tensor(0.9712),0,512,50,1e-07,two
4_layer_100_epoch.pth,greedy,mult,,,0.003154574194923,0.9707842469215392,1.0845715999603271,1.1621230840682983,tensor(0.9365),tensor(0.9673),tensor(0.9690),tensor(0.9708),0,512,50,1e-07,two
4_layer_100_epoch.pth,,mult,,,0.0015772870974615,0.971161425113678,1.0836771726608276,1.161166071891785,tensor(0.9697),tensor(0.9676),tensor(0.9695),tensor(0.9712),0,512,50,1e-07,two
4_layer_100_epoch.pth,durable,mult,,,0.0015772870974615,0.971156895160675,1.0838582515716553,1.16146719455719,tensor(0.9696),tensor(0.9675),tensor(0.9695),tensor(0.9712),0,512,50,1e-07,two
4_layer_100_epoch.pth,,mult,,,0.0015772870974615,0.971161425113678,1.0836771726608276,1.161166071891785,tensor(0.9697),tensor(0.9676),tensor(0.9695),tensor(0.9712),0,512,50,1e-07,two
4_layer_100_epoch.pth,durable_agg,mult,,,0.0015772870974615,0.9710772037506104,1.0838565826416016,1.1612663269042969,tensor(0.9698),tensor(0.9677),tensor(0.9693),tensor(0.9711),0,512,50,1e-07,two
4_layer_100_epoch.pth,,mult,,,0.0015772870974615,0.971161425113678,1.0836771726608276,1.161166071891785,tensor(0.9697),tensor(0.9676),tensor(0.9695),tensor(0.9712),0,512,50,1e-07,two
4_layer_100_epoch.pth,obs,mult,,,0.0015772870974615,0.9711498022079468,1.0836859941482544,1.161213517189026,tensor(0.9697),tensor(0.9676),tensor(0.9694),tensor(0.9711),0,512,50,1e-07,two
4_layer_100_epoch.pth,,mult,,,0.0015772870974615,0.971161425113678,1.0836771726608276,1.161166071891785,tensor(0.9697),tensor(0.9676),tensor(0.9695),tensor(0.9712),0,512,50,1e-07,two
4_layer_100_epoch.pth,greedy,mult,,,0.0,0.9550822377204896,1.13550865650177,1.2136671543121338,tensor(0.3217),tensor(0.9449),tensor(0.9518),tensor(0.9551),0,512,50,1e-07,two
4_layer_100_epoch.pth,,mult,,,0.0015772870974615,0.971161425113678,1.0836771726608276,1.161166071891785,tensor(0.9697),tensor(0.9676),tensor(0.9695),tensor(0.9712),0,512,50,1e-07,two
4_layer_100_epoch.pth,durable,mult,,,0.0015772870974615,0.9712002277374268,1.0839030742645264,1.161746382713318,tensor(0.9692),tensor(0.9675),tensor(0.9694),tensor(0.9712),0,512,50,1e-07,two
4_layer_100_epoch.pth,,mult,,,0.0015772870974615,0.971161425113678,1.0836771726608276,1.161166071891785,tensor(0.9697),tensor(0.9676),tensor(0.9695),tensor(0.9712),0,512,50,1e-07,two
4_layer_100_epoch.pth,durable_agg,mult,,,0.003154574194923,0.9715244770050048,1.0843391418457031,1.1617540121078491,tensor(0.9691),tensor(0.9674),tensor(0.9689),tensor(0.9715),0,512,50,1e-07,two
4_layer_100_epoch.pth,,mult,,,0.0015772870974615,0.971161425113678,1.0836771726608276,1.161166071891785,tensor(0.9697),tensor(0.9676),tensor(0.9695),tensor(0.9712),0,512,50,1e-07,two
4_layer_100_epoch.pth,obs,mult,,,0.0015772870974615,0.9711366891860962,1.0837721824645996,1.1612526178359983,tensor(0.9698),tensor(0.9676),tensor(0.9695),tensor(0.9711),0,512,50,1e-07,two
4_layer_100_epoch.pth,,mult,,,0.0015772870974615,0.971161425113678,1.0836771726608276,1.161166071891785,tensor(0.9697),tensor(0.9676),tensor(0.9695),tensor(0.9712),0,512,50,1e-07,two
4_layer_100_epoch.pth,greedy,mult,,,0.0,0.958229660987854,1.1205953359603882,1.2159613370895386,tensor(0.3171),tensor(0.9501),tensor(0.9488),tensor(0.9582),0,512,50,1e-07,two
4_layer_100_epoch.pth,,mult,,,0.0015772870974615,0.971161425113678,1.0836771726608276,1.161166071891785,tensor(0.9697),tensor(0.9676),tensor(0.9695),tensor(0.9712),0,512,50,1e-07,two
4_layer_100_epoch.pth,durable,mult,,,0.0,0.9715036749839784,1.084629774093628,1.1627048254013062,tensor(0.9675),tensor(0.9675),tensor(0.9694),tensor(0.9715),0,512,50,1e-07,two
4_layer_100_epoch.pth,,mult,,,0.0015772870974615,0.971161425113678,1.0836771726608276,1.161166071891785,tensor(0.9697),tensor(0.9676),tensor(0.9695),tensor(0.9712),0,512,50,1e-07,two
4_layer_100_epoch.pth,durable_agg,mult,,,0.003154574194923,0.9708805084228516,1.0843807458877563,1.1629414558410645,tensor(0.9688),tensor(0.9672),tensor(0.9689),tensor(0.9709),0,512,50,1e-07,two
4_layer_100_epoch.pth,,mult,,,0.0015772870974615,0.971161425113678,1.0836771726608276,1.161166071891785,tensor(0.9697),tensor(0.9676),tensor(0.9695),tensor(0.9712),0,512,50,1e-07,two
4_layer_100_epoch.pth,obs,mult,,,0.0015772870974615,0.9710731506347656,1.0838217735290527,1.1612318754196167,tensor(0.9699),tensor(0.9676),tensor(0.9695),tensor(0.9711),0,512,50,1e-07,two
4_layer_100_epoch.pth,,mult,,,0.0015772870974615,0.971161425113678,1.0836771726608276,1.161166071891785,tensor(0.9697),tensor(0.9676),tensor(0.9695),tensor(0.9712),0,512,50,1e-07,two
4_layer_100_epoch.pth,greedy,mult,,,0.0015772870974615,0.9472317695617676,1.2203763723373413,1.3418629169464111,tensor(0.3159),tensor(0.9354),tensor(0.9300),tensor(0.9472),0,512,50,1e-07,two
4_layer_100_epoch.pth,,mult,,,0.0015772870974615,0.971161425113678,1.0836771726608276,1.161166071891785,tensor(0.9697),tensor(0.9676),tensor(0.9695),tensor(0.9712),0,512,50,1e-07,two
4_layer_100_epoch.pth,durable,mult,,,0.0015772870974615,0.9706496596336364,1.0867249965667725,1.1648383140563965,tensor(0.9408),tensor(0.9679),tensor(0.9683),tensor(0.9706),0,512,50,1e-07,two
4_layer_100_epoch.pth,,mult,,,0.0015772870974615,0.971161425113678,1.0836771726608276,1.161166071891785,tensor(0.9697),tensor(0.9676),tensor(0.9695),tensor(0.9712),0,512,50,1e-07,two
4_layer_100_epoch.pth,durable_agg,mult,,,0.0015772870974615,0.969847559928894,1.0881391763687134,1.1693811416625977,tensor(0.9423),tensor(0.9669),tensor(0.9675),tensor(0.9698),0,512,50,1e-07,two
4_layer_100_epoch.pth,,mult,,,0.0015772870974615,0.971161425113678,1.0836771726608276,1.161166071891785,tensor(0.9697),tensor(0.9676),tensor(0.9695),tensor(0.9712),0,512,50,1e-07,two
4_layer_100_epoch.pth,obs,mult,,,0.0015772870974615,0.967641830444336,1.1023093461990356,1.1846089363098145,tensor(0.9678),tensor(0.9629),tensor(0.9648),tensor(0.9676),0,512,50,1e-07,two
4_layer_100_epoch.pth,,mult,,,0.0015772870974615,0.971161425113678,1.0836771726608276,1.161166071891785,tensor(0.9697),tensor(0.9676),tensor(0.9695),tensor(0.9712),0,512,50,1e-07,two
4_layer_100_epoch.pth,greedy,mult,,,0.0,0.9103044271469116,1.3851985931396484,1.5267882347106934,tensor(0.3156),tensor(0.9018),tensor(0.8871),tensor(0.9103),0,512,50,1e-07,two
4_layer_100_epoch.pth,,mult,,,0.0015772870974615,0.971161425113678,1.0836771726608276,1.161166071891785,tensor(0.9697),tensor(0.9676),tensor(0.9695),tensor(0.9712),0,512,50,1e-07,two
4_layer_100_epoch.pth,durable,mult,,,0.003154574194923,0.9698425531387328,1.0919065475463867,1.172652006149292,tensor(0.8778),tensor(0.9678),tensor(0.9667),tensor(0.9698),0,512,50,1e-07,two
4_layer_100_epoch.pth,,mult,,,0.0015772870974615,0.971161425113678,1.0836771726608276,1.161166071891785,tensor(0.9697),tensor(0.9676),tensor(0.9695),tensor(0.9712),0,512,50,1e-07,two
4_layer_100_epoch.pth,durable_agg,mult,,,0.003154574194923,0.9689275026321412,1.0916626453399658,1.174144625663757,tensor(0.8879),tensor(0.9662),tensor(0.9666),tensor(0.9689),0,512,50,1e-07,two
4_layer_100_epoch.pth,,mult,,,0.0015772870974615,0.971161425113678,1.0836771726608276,1.161166071891785,tensor(0.9697),tensor(0.9676),tensor(0.9695),tensor(0.9712),0,512,50,1e-07,two
4_layer_100_epoch.pth,obs,mult,,,0.0015772870974615,0.96891188621521,1.0952023267745972,1.1800192594528198,tensor(0.9676),tensor(0.9653),tensor(0.9665),tensor(0.9689),0,512,50,1e-07,two
4_layer_100_epoch.pth,,mult,,,0.0015772870974615,0.971161425113678,1.0836771726608276,1.161166071891785,tensor(0.9697),tensor(0.9676),tensor(0.9695),tensor(0.9712),0,512,50,1e-07,two
4_layer_100_epoch.pth,greedy,mult,,,0.0,0.8097104430198669,1.86349618434906,2.044733762741089,tensor(0.3159),tensor(0.8079),tensor(0.8228),tensor(0.8097),0,512,50,1e-07,two
4_layer_100_epoch.pth,,mult,,,0.0015772870974615,0.971161425113678,1.0836771726608276,1.161166071891785,tensor(0.9697),tensor(0.9676),tensor(0.9695),tensor(0.9712),0,512,50,1e-07,two
4_layer_100_epoch.pth,durable,mult,,,0.006309148389846,0.9675642251968384,1.1087663173675537,1.1967475414276123,tensor(0.7625),tensor(0.9657),tensor(0.9628),tensor(0.9676),0,512,50,1e-07,two
4_layer_100_epoch.pth,,mult,,,0.0015772870974615,0.971161425113678,1.0836771726608276,1.161166071891785,tensor(0.9697),tensor(0.9676),tensor(0.9695),tensor(0.9712),0,512,50,1e-07,two
4_layer_100_epoch.pth,durable_agg,mult,,,0.003154574194923,0.9675824046134948,1.1029667854309082,1.1917425394058228,tensor(0.8338),tensor(0.9647),tensor(0.9642),tensor(0.9676),0,512,50,1e-07,two
4_layer_100_epoch.pth,,mult,,,0.0015772870974615,0.971161425113678,1.0836771726608276,1.161166071891785,tensor(0.9697),tensor(0.9676),tensor(0.9695),tensor(0.9712),0,512,50,1e-07,two
4_layer_100_epoch.pth,obs,mult,,,0.0,0.9626092910766602,1.121437668800354,1.2183737754821775,tensor(0.9649),tensor(0.9596),tensor(0.9601),tensor(0.9626),0,512,50,1e-07,two
4_layer_100_epoch.pth,,mult,,,0.0015772870974615,0.971161425113678,1.0836771726608276,1.161166071891785,tensor(0.9697),tensor(0.9676),tensor(0.9695),tensor(0.9712),0,512,50,1e-07,two
4_layer_100_epoch.pth,greedy,mult,,,0.0,0.7142105102539062,2.545644760131836,2.6997807025909424,tensor(0.3160),tensor(0.7217),tensor(0.7478),tensor(0.7142),0,512,50,1e-07,two
4_layer_100_epoch.pth,,mult,,,0.0015772870974615,0.971161425113678,1.0836771726608276,1.161166071891785,tensor(0.9697),tensor(0.9676),tensor(0.9695),tensor(0.9712),0,512,50,1e-07,two
4_layer_100_epoch.pth,durable,mult,,,0.003154574194923,0.9593161344528198,1.1284513473510742,1.2255996465682983,tensor(0.6950),tensor(0.9621),tensor(0.9542),tensor(0.9593),0,512,50,1e-07,two
4_layer_100_epoch.pth,,mult,,,0.0015772870974615,0.971161425113678,1.0836771726608276,1.161166071891785,tensor(0.9697),tensor(0.9676),tensor(0.9695),tensor(0.9712),0,512,50,1e-07,two
4_layer_100_epoch.pth,durable_agg,mult,,,0.003154574194923,0.9638092517852784,1.1192892789840698,1.2130513191223145,tensor(0.7821),tensor(0.9632),tensor(0.9590),tensor(0.9638),0,512,50,1e-07,two
4_layer_100_epoch.pth,,mult,,,0.0015772870974615,0.971161425113678,1.0836771726608276,1.161166071891785,tensor(0.9697),tensor(0.9676),tensor(0.9695),tensor(0.9712),0,512,50,1e-07,two
4_layer_100_epoch.pth,obs,mult,,,0.0,0.9484609961509703,1.1953775882720947,1.3025964498519895,tensor(0.9587),tensor(0.9485),tensor(0.9503),tensor(0.9485),0,512,50,1e-07,two
4_layer_100_epoch.pth,,mult,,,0.0015772870974615,0.971161425113678,1.0836771726608276,1.161166071891785,tensor(0.9697),tensor(0.9676),tensor(0.9695),tensor(0.9712),0,512,50,1e-07,two
4_layer_100_epoch.pth,greedy,mult,,,0.0,0.6484758257865906,3.3473246097564697,3.472361326217652,tensor(0.3167),tensor(0.6511),tensor(0.6755),tensor(0.6485),0,512,50,1e-07,two
4_layer_100_epoch.pth,,mult,,,0.0015772870974615,0.971161425113678,1.0836771726608276,1.161166071891785,tensor(0.9697),tensor(0.9676),tensor(0.9695),tensor(0.9712),0,512,50,1e-07,two
4_layer_100_epoch.pth,durable,mult,,,0.0,0.9354339838027954,1.1952118873596191,1.2977432012557983,tensor(0.6639),tensor(0.9540),tensor(0.9305),tensor(0.9354),0,512,50,1e-07,two
4_layer_100_epoch.pth,,mult,,,0.0015772870974615,0.971161425113678,1.0836771726608276,1.161166071891785,tensor(0.9697),tensor(0.9676),tensor(0.9695),tensor(0.9712),0,512,50,1e-07,two
4_layer_100_epoch.pth,durable_agg,mult,,,0.0047318614087998,0.9527660012245178,1.147860407829285,1.251198649406433,tensor(0.7153),tensor(0.9581),tensor(0.9500),tensor(0.9528),0,512,50,1e-07,two
4_layer_100_epoch.pth,,mult,,,0.0015772870974615,0.971161425113678,1.0836771726608276,1.161166071891785,tensor(0.9697),tensor(0.9676),tensor(0.9695),tensor(0.9712),0,512,50,1e-07,two
4_layer_100_epoch.pth,obs,mult,,,0.0,0.9234010577201844,1.3345404863357544,1.4524608850479126,tensor(0.9435),tensor(0.9284),tensor(0.9326),tensor(0.9234),0,512,50,1e-07,two
4_layer_100_epoch.pth,,mult,,,0.0015772870974615,0.971161425113678,1.0836771726608276,1.161166071891785,tensor(0.9697),tensor(0.9676),tensor(0.9695),tensor(0.9712),0,512,50,1e-07,two
4_layer_100_epoch.pth,greedy,mult,,,0.0,0.5841895937919617,4.141905307769775,4.227171897888184,tensor(0.3162),tensor(0.5847),tensor(0.6154),tensor(0.5842),0,512,50,1e-07,two
4_layer_100_epoch.pth,,mult,,,0.0015772870974615,0.971161425113678,1.0836771726608276,1.161166071891785,tensor(0.9697),tensor(0.9676),tensor(0.9695),tensor(0.9712),0,512,50,1e-07,two
4_layer_100_epoch.pth,durable,mult,,,0.0,0.9055875539779664,1.287763595581055,1.400182843208313,tensor(0.6355),tensor(0.9410),tensor(0.8982),tensor(0.9056),0,512,50,1e-07,two
4_layer_100_epoch.pth,,mult,,,0.0015772870974615,0.971161425113678,1.0836771726608276,1.161166071891785,tensor(0.9697),tensor(0.9676),tensor(0.9695),tensor(0.9712),0,512,50,1e-07,two
4_layer_100_epoch.pth,durable_agg,mult,,,0.003154574194923,0.9251954555511476,1.1995545625686646,1.315983772277832,tensor(0.6793),tensor(0.9510),tensor(0.9347),tensor(0.9252),0,512,50,1e-07,two
4_layer_100_epoch.pth,,mult,,,0.0015772870974615,0.971161425113678,1.0836771726608276,1.161166071891785,tensor(0.9697),tensor(0.9676),tensor(0.9695),tensor(0.9712),0,512,50,1e-07,two
4_layer_100_epoch.pth,obs,mult,,,0.0,0.883607029914856,1.620248556137085,1.7560926675796509,tensor(0.9125),tensor(0.8929),tensor(0.8985),tensor(0.8836),0,512,50,1e-07,two
4_layer_100_epoch.pth,,mult,,,0.0015772870974615,0.971161425113678,1.0836771726608276,1.161166071891785,tensor(0.9697),tensor(0.9676),tensor(0.9695),tensor(0.9712),0,512,50,1e-07,two
4_layer_100_epoch.pth,greedy,mult,,,0.0,0.5097571015357971,5.361387252807617,5.241137504577637,tensor(0.3204),tensor(0.5068),tensor(0.5082),tensor(0.5098),0,512,50,1e-07,two
4_layer_100_epoch.pth,,mult,,,0.0015772870974615,0.971161425113678,1.0836771726608276,1.161166071891785,tensor(0.9697),tensor(0.9676),tensor(0.9695),tensor(0.9712),0,512,50,1e-07,two
4_layer_100_epoch.pth,durable,mult,,,0.0,0.6783126592636108,2.91489839553833,3.10520339012146,tensor(0.5668),tensor(0.7776),tensor(0.7194),tensor(0.6783),0,512,50,1e-07,two
4_layer_100_epoch.pth,,mult,,,0.0015772870974615,0.971161425113678,1.0836771726608276,1.161166071891785,tensor(0.9697),tensor(0.9676),tensor(0.9695),tensor(0.9712),0,512,50,1e-07,two
4_layer_100_epoch.pth,durable_agg,mult,,,0.0,0.7336838245391846,1.934798002243042,2.1317479610443115,tensor(0.5864),tensor(0.8421),tensor(0.7670),tensor(0.7337),0,512,50,1e-07,two
4_layer_100_epoch.pth,,mult,,,0.0015772870974615,0.971161425113678,1.0836771726608276,1.161166071891785,tensor(0.9697),tensor(0.9676),tensor(0.9695),tensor(0.9712),0,512,50,1e-07,two
4_layer_100_epoch.pth,obs,mult,,,0.0,0.6624658107757568,5.236987113952637,5.570638656616211,tensor(0.6312),tensor(0.6875),tensor(0.6758),tensor(0.6625),0,512,50,1e-07,two
4_layer_100_epoch.pth,,mult,,,0.0015772870974615,0.971161425113678,1.0836771726608276,1.161166071891785,tensor(0.9697),tensor(0.9676),tensor(0.9695),tensor(0.9712),0,512,50,1e-07,three
4_layer_100_epoch.pth,greedy,mult,,,0.0,0.9708594083786012,1.0847082138061523,1.162183403968811,tensor(0.9702),tensor(0.9668),tensor(0.9696),tensor(0.9709),0,512,50,1e-07,three
4_layer_100_epoch.pth,,mult,,,0.0015772870974615,0.971161425113678,1.0836771726608276,1.161166071891785,tensor(0.9697),tensor(0.9676),tensor(0.9695),tensor(0.9712),0,512,50,1e-07,three
4_layer_100_epoch.pth,durable,mult,,,0.0015772870974615,0.9711599349975586,1.083686351776123,1.161166071891785,tensor(0.9697),tensor(0.9676),tensor(0.9695),tensor(0.9712),0,512,50,1e-07,three
4_layer_100_epoch.pth,,mult,,,0.0015772870974615,0.971161425113678,1.0836771726608276,1.161166071891785,tensor(0.9697),tensor(0.9676),tensor(0.9695),tensor(0.9712),0,512,50,1e-07,three
4_layer_100_epoch.pth,durable_agg,mult,,,0.0015772870974615,0.9712859392166138,1.0837141275405884,1.1611393690109253,tensor(0.9695),tensor(0.9676),tensor(0.9695),tensor(0.9713),0,512,50,1e-07,three
4_layer_100_epoch.pth,,mult,,,0.0015772870974615,0.971161425113678,1.0836771726608276,1.161166071891785,tensor(0.9697),tensor(0.9676),tensor(0.9695),tensor(0.9712),0,512,50,1e-07,three
4_layer_100_epoch.pth,obs,mult,,,0.0015772870974615,0.9711629152297974,1.083664894104004,1.161166071891785,tensor(0.9697),tensor(0.9676),tensor(0.9695),tensor(0.9712),0,512,50,1e-07,three
4_layer_100_epoch.pth,,mult,,,0.0015772870974615,0.971161425113678,1.0836771726608276,1.161166071891785,tensor(0.9697),tensor(0.9676),tensor(0.9695),tensor(0.9712),0,512,50,1e-07,three
4_layer_100_epoch.pth,greedy,mult,,,0.0015772870974615,0.970210075378418,1.0869622230529783,1.1655421257019043,tensor(0.9699),tensor(0.9667),tensor(0.9696),tensor(0.9702),0,512,50,1e-07,three
4_layer_100_epoch.pth,,mult,,,0.0015772870974615,0.971161425113678,1.0836771726608276,1.161166071891785,tensor(0.9697),tensor(0.9676),tensor(0.9695),tensor(0.9712),0,512,50,1e-07,three
4_layer_100_epoch.pth,durable,mult,,,0.0015772870974615,0.9711452126502992,1.0843106508255005,1.161349892616272,tensor(0.9693),tensor(0.9675),tensor(0.9692),tensor(0.9711),0,512,50,1e-07,three
4_layer_100_epoch.pth,,mult,,,0.0015772870974615,0.971161425113678,1.0836771726608276,1.161166071891785,tensor(0.9697),tensor(0.9676),tensor(0.9695),tensor(0.9712),0,512,50,1e-07,three
4_layer_100_epoch.pth,durable_agg,mult,,,0.0015772870974615,0.9712601900100708,1.0838550329208374,1.1612260341644287,tensor(0.9695),tensor(0.9676),tensor(0.9693),tensor(0.9713),0,512,50,1e-07,three
4_layer_100_epoch.pth,,mult,,,0.0015772870974615,0.971161425113678,1.0836771726608276,1.161166071891785,tensor(0.9697),tensor(0.9676),tensor(0.9695),tensor(0.9712),0,512,50,1e-07,three
4_layer_100_epoch.pth,obs,mult,,,0.0015772870974615,0.971156358718872,1.0837005376815796,1.1612452268600464,tensor(0.9697),tensor(0.9676),tensor(0.9695),tensor(0.9712),0,512,50,1e-07,three
4_layer_100_epoch.pth,,mult,,,0.0015772870974615,0.971161425113678,1.0836771726608276,1.161166071891785,tensor(0.9697),tensor(0.9676),tensor(0.9695),tensor(0.9712),0,512,50,1e-07,three
4_layer_100_epoch.pth,greedy,mult,,,0.003154574194923,0.966943085193634,1.1206655502319336,1.2363221645355225,tensor(0.9691),tensor(0.5800),tensor(0.9660),tensor(0.9669),0,512,50,1e-07,three
4_layer_100_epoch.pth,,mult,,,0.0015772870974615,0.971161425113678,1.0836771726608276,1.161166071891785,tensor(0.9697),tensor(0.9676),tensor(0.9695),tensor(0.9712),0,512,50,1e-07,three
4_layer_100_epoch.pth,durable,mult,,,0.003154574194923,0.9710938930511476,1.0862584114074707,1.1641340255737305,tensor(0.9698),tensor(0.9673),tensor(0.9694),tensor(0.9711),0,512,50,1e-07,three
4_layer_100_epoch.pth,,mult,,,0.0015772870974615,0.971161425113678,1.0836771726608276,1.161166071891785,tensor(0.9697),tensor(0.9676),tensor(0.9695),tensor(0.9712),0,512,50,1e-07,three
4_layer_100_epoch.pth,durable_agg,mult,,,0.0015772870974615,0.9708795547485352,1.0842831134796145,1.161985158920288,tensor(0.9698),tensor(0.9676),tensor(0.9691),tensor(0.9709),0,512,50,1e-07,three
4_layer_100_epoch.pth,,mult,,,0.0015772870974615,0.971161425113678,1.0836771726608276,1.161166071891785,tensor(0.9697),tensor(0.9676),tensor(0.9695),tensor(0.9712),0,512,50,1e-07,three
4_layer_100_epoch.pth,obs,mult,,,0.0015772870974615,0.9711185693740844,1.083860993385315,1.161542892456055,tensor(0.9697),tensor(0.9676),tensor(0.9694),tensor(0.9711),0,512,50,1e-07,three
4_layer_100_epoch.pth,,mult,,,0.0015772870974615,0.971161425113678,1.0836771726608276,1.161166071891785,tensor(0.9697),tensor(0.9676),tensor(0.9695),tensor(0.9712),0,512,50,1e-07,three
4_layer_100_epoch.pth,greedy,mult,,,0.0015772870974615,0.9446566104888916,1.26260244846344,1.4202184677124023,tensor(0.9584),tensor(0.3389),tensor(0.9508),tensor(0.9447),0,512,50,1e-07,three
4_layer_100_epoch.pth,,mult,,,0.0015772870974615,0.971161425113678,1.0836771726608276,1.161166071891785,tensor(0.9697),tensor(0.9676),tensor(0.9695),tensor(0.9712),0,512,50,1e-07,three
4_layer_100_epoch.pth,durable,mult,,,0.0015772870974615,0.970960259437561,1.0857126712799072,1.1638398170471191,tensor(0.9694),tensor(0.9666),tensor(0.9693),tensor(0.9710),0,512,50,1e-07,three
4_layer_100_epoch.pth,,mult,,,0.0015772870974615,0.971161425113678,1.0836771726608276,1.161166071891785,tensor(0.9697),tensor(0.9676),tensor(0.9695),tensor(0.9712),0,512,50,1e-07,three
4_layer_100_epoch.pth,durable_agg,mult,,,0.0,0.9706703424453736,1.0842006206512451,1.1625378131866455,tensor(0.9694),tensor(0.9671),tensor(0.9689),tensor(0.9707),0,512,50,1e-07,three
4_layer_100_epoch.pth,,mult,,,0.0015772870974615,0.971161425113678,1.0836771726608276,1.161166071891785,tensor(0.9697),tensor(0.9676),tensor(0.9695),tensor(0.9712),0,512,50,1e-07,three
4_layer_100_epoch.pth,obs,mult,,,0.0015772870974615,0.9711659550666808,1.0840026140213013,1.161707878112793,tensor(0.9697),tensor(0.9676),tensor(0.9695),tensor(0.9712),0,512,50,1e-07,three
4_layer_100_epoch.pth,,mult,,,0.0015772870974615,0.971161425113678,1.0836771726608276,1.161166071891785,tensor(0.9697),tensor(0.9676),tensor(0.9695),tensor(0.9712),0,512,50,1e-07,three
4_layer_100_epoch.pth,greedy,mult,,,0.0,0.9330381751060486,1.4124993085861206,1.5644211769104004,tensor(0.9503),tensor(0.3311),tensor(0.9333),tensor(0.9330),0,512,50,1e-07,three
4_layer_100_epoch.pth,,mult,,,0.0015772870974615,0.971161425113678,1.0836771726608276,1.161166071891785,tensor(0.9697),tensor(0.9676),tensor(0.9695),tensor(0.9712),0,512,50,1e-07,three
4_layer_100_epoch.pth,durable,mult,,,0.0015772870974615,0.9703966379165648,1.0928990840911863,1.178564429283142,tensor(0.9691),tensor(0.9547),tensor(0.9678),tensor(0.9704),0,512,50,1e-07,three
4_layer_100_epoch.pth,,mult,,,0.0015772870974615,0.971161425113678,1.0836771726608276,1.161166071891785,tensor(0.9697),tensor(0.9676),tensor(0.9695),tensor(0.9712),0,512,50,1e-07,three
4_layer_100_epoch.pth,durable_agg,mult,,,0.003154574194923,0.9704691171646118,1.0899649858474731,1.171900987625122,tensor(0.9678),tensor(0.9636),tensor(0.9673),tensor(0.9705),0,512,50,1e-07,three
4_layer_100_epoch.pth,,mult,,,0.0015772870974615,0.971161425113678,1.0836771726608276,1.161166071891785,tensor(0.9697),tensor(0.9676),tensor(0.9695),tensor(0.9712),0,512,50,1e-07,three
4_layer_100_epoch.pth,obs,mult,,,0.0,0.96693754196167,1.1057647466659546,1.191813826560974,tensor(0.9678),tensor(0.9625),tensor(0.9634),tensor(0.9669),0,512,50,1e-07,three
4_layer_100_epoch.pth,,mult,,,0.0015772870974615,0.971161425113678,1.0836771726608276,1.161166071891785,tensor(0.9697),tensor(0.9676),tensor(0.9695),tensor(0.9712),0,512,50,1e-07,three
4_layer_100_epoch.pth,greedy,mult,,,0.0,0.8896251916885376,1.6301008462905884,1.796899914741516,tensor(0.9233),tensor(0.3357),tensor(0.9058),tensor(0.8896),0,512,50,1e-07,three
4_layer_100_epoch.pth,,mult,,,0.0015772870974615,0.971161425113678,1.0836771726608276,1.161166071891785,tensor(0.9697),tensor(0.9676),tensor(0.9695),tensor(0.9712),0,512,50,1e-07,three
4_layer_100_epoch.pth,durable,mult,,,0.0015772870974615,0.9673821926116944,1.101005792617798,1.1980746984481812,tensor(0.9691),tensor(0.9370),tensor(0.9676),tensor(0.9674),0,512,50,1e-07,three
4_layer_100_epoch.pth,,mult,,,0.0015772870974615,0.971161425113678,1.0836771726608276,1.161166071891785,tensor(0.9697),tensor(0.9676),tensor(0.9695),tensor(0.9712),0,512,50,1e-07,three
4_layer_100_epoch.pth,durable_agg,mult,,,0.0015772870974615,0.967460870742798,1.0999085903167725,1.1881402730941772,tensor(0.9657),tensor(0.9539),tensor(0.9647),tensor(0.9675),0,512,50,1e-07,three
4_layer_100_epoch.pth,,mult,,,0.0015772870974615,0.971161425113678,1.0836771726608276,1.161166071891785,tensor(0.9697),tensor(0.9676),tensor(0.9695),tensor(0.9712),0,512,50,1e-07,three
4_layer_100_epoch.pth,obs,mult,,,0.0015772870974615,0.9688221216201782,1.093656301498413,1.1774413585662842,tensor(0.9677),tensor(0.9652),tensor(0.9667),tensor(0.9688),0,512,50,1e-07,three
4_layer_100_epoch.pth,,mult,,,0.0015772870974615,0.971161425113678,1.0836771726608276,1.161166071891785,tensor(0.9697),tensor(0.9676),tensor(0.9695),tensor(0.9712),0,512,50,1e-07,three
4_layer_100_epoch.pth,greedy,mult,,,0.0,0.7867988348007202,2.314918279647827,2.5308380126953125,tensor(0.8813),tensor(0.3447),tensor(0.8415),tensor(0.7868),0,512,50,1e-07,three
4_layer_100_epoch.pth,,mult,,,0.0015772870974615,0.971161425113678,1.0836771726608276,1.161166071891785,tensor(0.9697),tensor(0.9676),tensor(0.9695),tensor(0.9712),0,512,50,1e-07,three
4_layer_100_epoch.pth,durable,mult,,,0.0015772870974615,0.958397626876831,1.1248586177825928,1.236763596534729,tensor(0.9647),tensor(0.8641),tensor(0.9642),tensor(0.9584),0,512,50,1e-07,three
4_layer_100_epoch.pth,,mult,,,0.0015772870974615,0.971161425113678,1.0836771726608276,1.161166071891785,tensor(0.9697),tensor(0.9676),tensor(0.9695),tensor(0.9712),0,512,50,1e-07,three
4_layer_100_epoch.pth,durable_agg,mult,,,0.0,0.9580678939819336,1.1081827878952026,1.2082579135894775,tensor(0.9664),tensor(0.9199),tensor(0.9642),tensor(0.9581),0,512,50,1e-07,three
4_layer_100_epoch.pth,,mult,,,0.0015772870974615,0.971161425113678,1.0836771726608276,1.161166071891785,tensor(0.9697),tensor(0.9676),tensor(0.9695),tensor(0.9712),0,512,50,1e-07,three
4_layer_100_epoch.pth,obs,mult,,,0.0,0.961646318435669,1.1233659982681274,1.2201344966888428,tensor(0.9650),tensor(0.9575),tensor(0.9609),tensor(0.9616),0,512,50,1e-07,three
4_layer_100_epoch.pth,,mult,,,0.0015772870974615,0.971161425113678,1.0836771726608276,1.161166071891785,tensor(0.9697),tensor(0.9676),tensor(0.9695),tensor(0.9712),0,512,50,1e-07,three
4_layer_100_epoch.pth,greedy,mult,,,0.0,0.6885002255439758,3.3632566928863525,3.674766778945923,tensor(0.8094),tensor(0.3509),tensor(0.7642),tensor(0.6885),0,512,50,1e-07,three
4_layer_100_epoch.pth,,mult,,,0.0015772870974615,0.971161425113678,1.0836771726608276,1.161166071891785,tensor(0.9697),tensor(0.9676),tensor(0.9695),tensor(0.9712),0,512,50,1e-07,three
4_layer_100_epoch.pth,durable,mult,,,0.0015772870974615,0.9381120800971984,1.167777419090271,1.2906739711761477,tensor(0.9612),tensor(0.8056),tensor(0.9598),tensor(0.9381),0,512,50,1e-07,three
4_layer_100_epoch.pth,,mult,,,0.0015772870974615,0.971161425113678,1.0836771726608276,1.161166071891785,tensor(0.9697),tensor(0.9676),tensor(0.9695),tensor(0.9712),0,512,50,1e-07,three
4_layer_100_epoch.pth,durable_agg,mult,,,0.0,0.9489792585372924,1.1321172714233398,1.2424750328063965,tensor(0.9623),tensor(0.8497),tensor(0.9607),tensor(0.9490),0,512,50,1e-07,three
4_layer_100_epoch.pth,,mult,,,0.0015772870974615,0.971161425113678,1.0836771726608276,1.161166071891785,tensor(0.9697),tensor(0.9676),tensor(0.9695),tensor(0.9712),0,512,50,1e-07,three
4_layer_100_epoch.pth,obs,mult,,,0.0,0.9395307898521424,1.2403559684753418,1.3758926391601562,tensor(0.9536),tensor(0.9381),tensor(0.9450),tensor(0.9395),0,512,50,1e-07,three
4_layer_100_epoch.pth,,mult,,,0.0015772870974615,0.971161425113678,1.0836771726608276,1.161166071891785,tensor(0.9697),tensor(0.9676),tensor(0.9695),tensor(0.9712),0,512,50,1e-07,three
4_layer_100_epoch.pth,greedy,mult,,,0.0,0.6067569255828857,4.457066535949707,4.6491217613220215,tensor(0.7480),tensor(0.3579),tensor(0.6832),tensor(0.6068),0,512,50,1e-07,three
4_layer_100_epoch.pth,,mult,,,0.0015772870974615,0.971161425113678,1.0836771726608276,1.161166071891785,tensor(0.9697),tensor(0.9676),tensor(0.9695),tensor(0.9712),0,512,50,1e-07,three
4_layer_100_epoch.pth,durable,mult,,,0.0,0.9129977226257324,1.228046417236328,1.3572638034820557,tensor(0.9545),tensor(0.7584),tensor(0.9523),tensor(0.9130),0,512,50,1e-07,three
4_layer_100_epoch.pth,,mult,,,0.0015772870974615,0.971161425113678,1.0836771726608276,1.161166071891785,tensor(0.9697),tensor(0.9676),tensor(0.9695),tensor(0.9712),0,512,50,1e-07,three
4_layer_100_epoch.pth,durable_agg,mult,,,0.0015772870974615,0.9407089948654176,1.1665791273117063,1.2829172611236572,tensor(0.9574),tensor(0.7991),tensor(0.9565),tensor(0.9407),0,512,50,1e-07,three
4_layer_100_epoch.pth,,mult,,,0.0015772870974615,0.971161425113678,1.0836771726608276,1.161166071891785,tensor(0.9697),tensor(0.9676),tensor(0.9695),tensor(0.9712),0,512,50,1e-07,three
4_layer_100_epoch.pth,obs,mult,,,0.0,0.9102450013160706,1.428942322731018,1.5885131359100342,tensor(0.9310),tensor(0.9096),tensor(0.9245),tensor(0.9102),0,512,50,1e-07,three
4_layer_100_epoch.pth,,mult,,,0.0015772870974615,0.971161425113678,1.0836771726608276,1.161166071891785,tensor(0.9697),tensor(0.9676),tensor(0.9695),tensor(0.9712),0,512,50,1e-07,three
4_layer_100_epoch.pth,greedy,mult,,,0.0,0.5503032803535461,5.304820537567139,5.404417514801025,tensor(0.6785),tensor(0.3610),tensor(0.6109),tensor(0.5503),0,512,50,1e-07,three
4_layer_100_epoch.pth,,mult,,,0.0015772870974615,0.971161425113678,1.0836771726608276,1.161166071891785,tensor(0.9697),tensor(0.9676),tensor(0.9695),tensor(0.9712),0,512,50,1e-07,three
4_layer_100_epoch.pth,durable,mult,,,0.0,0.8793433904647827,1.3345634937286377,1.468246340751648,tensor(0.9461),tensor(0.7001),tensor(0.9407),tensor(0.8793),0,512,50,1e-07,three
4_layer_100_epoch.pth,,mult,,,0.0015772870974615216,0.971161425113678,1.0836771726608276,1.1611660718917847,tensor(0.9697),tensor(0.9676),tensor(0.9695),tensor(0.9712),0,512,50,1e-07,three
4_layer_100_epoch.pth,durable_agg,mult,,,0.0,0.918411374092102,1.2362622022628784,1.3661290407180786,tensor(0.9499),tensor(0.7281),tensor(0.9507),tensor(0.9184),0,512,50,1e-07,three
