,perc,perp,localization_method,ratio,total_time,Unnamed: 0.69,Unnamed: 0.68,Unnamed: 0.67,Unnamed: 0.66,Unnamed: 0.65,Unnamed: 0.64,Unnamed: 0.63,Unnamed: 0.62,Unnamed: 0.61,Unnamed: 0.60,Unnamed: 0.59,Unnamed: 0.58,Unnamed: 0.57,Unnamed: 0.56,Unnamed: 0.55,Unnamed: 0.54,Unnamed: 0.53,Unnamed: 0.52,Unnamed: 0.51,Unnamed: 0.50,Unnamed: 0.49,Unnamed: 0.48,Unnamed: 0.47,Unnamed: 0.46,Unnamed: 0.45,Unnamed: 0.44,Unnamed: 0.43,Unnamed: 0.42,Unnamed: 0.41,Unnamed: 0.40,Unnamed: 0.39,Unnamed: 0.38,Unnamed: 0.37,Unnamed: 0.36,Unnamed: 0.35,Unnamed: 0.34,Unnamed: 0.33,Unnamed: 0.32,Unnamed: 0.31,Unnamed: 0.30,Unnamed: 0.29,Unnamed: 0.28,Unnamed: 0.27,Unnamed: 0.26,Unnamed: 0.25,Unnamed: 0.24,Unnamed: 0.23,Unnamed: 0.22,Unnamed: 0.21,Unnamed: 0.20,Unnamed: 0.19,Unnamed: 0.18,Unnamed: 0.17,Unnamed: 0.16,Unnamed: 0.15,Unnamed: 0.14,Unnamed: 0.13,Unnamed: 0.12,Unnamed: 0.11,Unnamed: 0.10,Unnamed: 0.9,Unnamed: 0.8,Unnamed: 0.7,Unnamed: 0.6,Unnamed: 0.5,Unnamed: 0.4,Unnamed: 0.3,Unnamed: 0.2,Unnamed: 0.1,Unnamed: 0,model_name,batch_size,epochs,lambda_l1,stop_loss,lr,prompt_len,ig_steps,momentum,weight_decay,step,assess_mem,seed,loss_weighting,model_path,results_path,unlearn_set_name,experiment,perc_diff,perp_diff,score
0,42.17821955680847,22.90196078431373,BASE_STATS,0.1,10.007434606552124,,,,,,,,,,,,,,,,,,,,,,,,,,,,,,,,,,,,,,,,,,,,,,,,,,,,,,,,,,,,,,,,,,,,,,,,,,,,,,,,,,,,,,,,,,,
1,5.94059415161609,26.705882352941178,greedy,0.001,36681.92986989021,305.0,305.0,305.0,305.0,305.0,305.0,305.0,305.0,305.0,305.0,305.0,305.0,305.0,305.0,305.0,305.0,305.0,305.0,305.0,305.0,305.0,305.0,305.0,305.0,305.0,305.0,305.0,305.0,305.0,305.0,305.0,305.0,305.0,305.0,305.0,305.0,305.0,305.0,305.0,305.0,305.0,305.0,305.0,305.0,305.0,305.0,305.0,305.0,305.0,305.0,305.0,305.0,305.0,305.0,305.0,305.0,305.0,305.0,305.0,305.0,305.0,305.0,305.0,305.0,305.0,305.0,305.0,305.0,305.0,305.0,EleutherAI/pythia-6.9b-deduped,32.0,1.0,1000.0,0.1,0.1,32.0,1.0,0.9,0.0005,36000.0,0.0,0.0,0.05,../../model_ckpts/36000/EleutherAI/pythia-6.9b-deduped,../../model_ckpts/36000/EleutherAI_edit/localization_results_36000.csv,mem,1.0,-0.859154933185008,0.16609589041095876,-0.6930590427740493
2,8.91089141368866,28.58823529411765,durable,0.01,6.451955080032349,52.0,52.0,52.0,52.0,52.0,52.0,52.0,52.0,52.0,52.0,52.0,52.0,52.0,52.0,52.0,52.0,52.0,52.0,52.0,52.0,52.0,52.0,52.0,52.0,52.0,52.0,52.0,52.0,52.0,52.0,52.0,52.0,52.0,52.0,52.0,52.0,52.0,52.0,52.0,52.0,52.0,52.0,52.0,52.0,52.0,52.0,52.0,52.0,52.0,52.0,52.0,52.0,52.0,52.0,52.0,52.0,52.0,52.0,52.0,52.0,52.0,52.0,52.0,52.0,52.0,52.0,52.0,52.0,52.0,52.0,EleutherAI/pythia-6.9b-deduped,32.0,1.0,1000.0,0.1,0.1,32.0,1.0,0.9,0.0005,36000.0,0.0,0.0,0.05,../../model_ckpts/36000/EleutherAI/pythia-6.9b-deduped,../../model_ckpts/36000/EleutherAI_edit/localization_results_36000.csv,mem,1.0,-0.7887323953613815,0.24828767123287657,-0.540444724128505
3,7.12871327996254,30.62745098039216,durable_agg,0.01,560.0312089920044,59.0,59.0,59.0,59.0,59.0,59.0,59.0,59.0,59.0,59.0,59.0,59.0,59.0,59.0,59.0,59.0,59.0,59.0,59.0,59.0,59.0,59.0,59.0,59.0,59.0,59.0,59.0,59.0,59.0,59.0,59.0,59.0,59.0,59.0,59.0,59.0,59.0,59.0,59.0,59.0,59.0,59.0,59.0,59.0,59.0,59.0,59.0,59.0,59.0,59.0,59.0,59.0,59.0,59.0,59.0,59.0,59.0,59.0,59.0,59.0,59.0,59.0,59.0,59.0,59.0,59.0,59.0,59.0,59.0,59.0,EleutherAI/pythia-6.9b-deduped,32.0,1.0,1000.0,0.1,0.1,32.0,1.0,0.9,0.0005,36000.0,0.0,0.0,0.05,../../model_ckpts/36000/EleutherAI/pythia-6.9b-deduped,../../model_ckpts/36000/EleutherAI_edit/localization_results_36000.csv,mem,1.0,-0.8309859127562009,0.33732876712328763,-0.4936571456329133
4,9.900990128517149,28.745098039215687,random,5.0,235.2907853126526,118.0,118.0,118.0,118.0,118.0,118.0,118.0,118.0,118.0,118.0,118.0,118.0,118.0,118.0,118.0,118.0,118.0,118.0,118.0,118.0,118.0,118.0,118.0,118.0,118.0,118.0,118.0,118.0,118.0,118.0,118.0,118.0,118.0,118.0,118.0,118.0,118.0,118.0,118.0,118.0,118.0,118.0,118.0,118.0,118.0,118.0,118.0,118.0,118.0,118.0,118.0,118.0,118.0,118.0,118.0,118.0,118.0,118.0,118.0,118.0,118.0,118.0,118.0,118.0,118.0,118.0,118.0,118.0,118.0,118.0,EleutherAI/pythia-6.9b-deduped,32.0,10.0,1000.0,0.1,0.1,32.0,1.0,0.9,0.0005,36000.0,0.0,0.0,0.05,../../model_ckpts/36000/EleutherAI/pythia-6.9b-deduped,../../model_ckpts/36000/EleutherAI_edit/localization_results_36000.csv,mem,1.0,-0.7652582249191,0.25513698630136966,-0.5101212386177303
5,9.10891145467758,24.45098039215686,random_greedy,5.0,214.57831001281733,254.0,254.0,254.0,254.0,254.0,254.0,254.0,254.0,254.0,254.0,254.0,254.0,254.0,254.0,254.0,254.0,254.0,254.0,254.0,254.0,254.0,254.0,254.0,254.0,254.0,254.0,254.0,254.0,254.0,254.0,254.0,254.0,254.0,254.0,254.0,254.0,254.0,254.0,254.0,254.0,254.0,254.0,254.0,254.0,254.0,254.0,254.0,254.0,254.0,254.0,254.0,254.0,254.0,254.0,254.0,254.0,254.0,254.0,254.0,254.0,254.0,254.0,254.0,254.0,254.0,254.0,254.0,254.0,254.0,254.0,EleutherAI/pythia-6.9b-deduped,32.0,1.0,1000.0,0.1,0.1,32.0,1.0,0.9,0.0005,36000.0,0.0,0.0,0.7,../../model_ckpts/36000/EleutherAI/pythia-6.9b-deduped,../../model_ckpts/36000/EleutherAI_edit/localization_results_36000.csv,mem,1.0,-0.7840375542071166,0.0676369863013696,-0.716400567905747
6,8.31683203577995,27.764705882352946,hc,5.0,3.3686490058898926,31.0,31.0,31.0,31.0,31.0,31.0,31.0,31.0,31.0,31.0,31.0,31.0,31.0,31.0,31.0,31.0,31.0,31.0,31.0,31.0,31.0,31.0,31.0,31.0,31.0,31.0,31.0,31.0,31.0,31.0,31.0,31.0,31.0,31.0,31.0,31.0,31.0,31.0,31.0,31.0,31.0,31.0,31.0,31.0,31.0,31.0,31.0,31.0,31.0,31.0,31.0,31.0,31.0,31.0,31.0,31.0,31.0,31.0,31.0,31.0,31.0,31.0,31.0,31.0,31.0,31.0,31.0,31.0,31.0,31.0,EleutherAI/pythia-6.9b-deduped,32.0,1.0,1000.0,0.1,0.1,32.0,1.0,0.9,0.0005,36000.0,0.0,0.0,0.05,../../model_ckpts/36000/EleutherAI/pythia-6.9b-deduped,../../model_ckpts/36000/EleutherAI_edit/localization_results_36000.csv,mem,1.0,-0.8028169011596547,0.21232876712328766,-0.590488134036367
7,37.02970445156097,23.25490196078432,slim,5.0,2.783564805984497,47.0,47.0,47.0,47.0,47.0,47.0,47.0,47.0,47.0,47.0,47.0,47.0,47.0,47.0,47.0,47.0,47.0,47.0,47.0,47.0,47.0,47.0,47.0,47.0,47.0,47.0,47.0,47.0,47.0,47.0,47.0,47.0,47.0,47.0,47.0,47.0,47.0,47.0,47.0,47.0,47.0,47.0,47.0,47.0,47.0,47.0,47.0,47.0,47.0,47.0,47.0,47.0,47.0,47.0,47.0,47.0,47.0,47.0,47.0,47.0,47.0,47.0,47.0,47.0,47.0,47.0,47.0,47.0,47.0,47.0,EleutherAI/pythia-6.9b-deduped,32.0,1.0,1000.0,0.1,0.1,32.0,1.0,0.9,0.0005,36000.0,0.0,0.0,0.05,../../model_ckpts/36000/EleutherAI/pythia-6.9b-deduped,../../model_ckpts/36000/EleutherAI_edit/localization_results_36000.csv,mem,1.0,-0.12206572869471499,0.015410958904109687,-0.1066547697906053
8,37.02970445156097,23.25490196078432,slim,5.0,25.076684951782227,48.0,48.0,48.0,48.0,48.0,48.0,48.0,48.0,48.0,48.0,48.0,48.0,48.0,48.0,48.0,48.0,48.0,48.0,48.0,48.0,48.0,48.0,48.0,48.0,48.0,48.0,48.0,48.0,48.0,48.0,48.0,48.0,48.0,48.0,48.0,48.0,48.0,48.0,48.0,48.0,48.0,48.0,48.0,48.0,48.0,48.0,48.0,48.0,48.0,48.0,48.0,48.0,48.0,48.0,48.0,48.0,48.0,48.0,48.0,48.0,48.0,48.0,48.0,48.0,48.0,48.0,48.0,48.0,48.0,48.0,EleutherAI/pythia-6.9b-deduped,32.0,10.0,1000.0,0.1,0.1,32.0,1.0,0.9,0.0005,36000.0,0.0,0.0,0.05,../../model_ckpts/36000/EleutherAI/pythia-6.9b-deduped,../../model_ckpts/36000/EleutherAI_edit/localization_results_36000.csv,mem,1.0,-0.12206572869471499,0.015410958904109687,-0.1066547697906053
9,37.02970445156097,23.25490196078432,slim,5.0,49.97925090789795,49.0,49.0,49.0,49.0,49.0,49.0,49.0,49.0,49.0,49.0,49.0,49.0,49.0,49.0,49.0,49.0,49.0,49.0,49.0,49.0,49.0,49.0,49.0,49.0,49.0,49.0,49.0,49.0,49.0,49.0,49.0,49.0,49.0,49.0,49.0,49.0,49.0,49.0,49.0,49.0,49.0,49.0,49.0,49.0,49.0,49.0,49.0,49.0,49.0,49.0,49.0,49.0,49.0,49.0,49.0,49.0,49.0,49.0,49.0,49.0,49.0,49.0,49.0,49.0,49.0,49.0,49.0,49.0,49.0,49.0,EleutherAI/pythia-6.9b-deduped,32.0,20.0,1000.0,0.1,0.1,32.0,1.0,0.9,0.0005,36000.0,0.0,0.0,0.05,../../model_ckpts/36000/EleutherAI/pythia-6.9b-deduped,../../model_ckpts/36000/EleutherAI_edit/localization_results_36000.csv,mem,1.0,-0.12206572869471499,0.015410958904109687,-0.1066547697906053
10,7.52475261688232,26.88235294117647,act,5.0,10.007434606552124,9.0,9.0,9.0,9.0,9.0,9.0,9.0,9.0,9.0,9.0,9.0,9.0,9.0,9.0,9.0,9.0,9.0,9.0,9.0,9.0,9.0,9.0,9.0,9.0,9.0,9.0,9.0,9.0,9.0,9.0,9.0,9.0,9.0,9.0,9.0,9.0,9.0,9.0,9.0,9.0,9.0,9.0,9.0,9.0,9.0,9.0,9.0,9.0,9.0,9.0,9.0,9.0,9.0,9.0,9.0,9.0,9.0,9.0,9.0,9.0,9.0,9.0,9.0,9.0,9.0,9.0,9.0,9.0,9.0,9.0,EleutherAI/pythia-6.9b-deduped,32.0,1.0,1000.0,0.1,0.1,32.0,1.0,0.9,0.0005,36000.0,0.0,0.0,0.05,../../model_ckpts/36000/EleutherAI/pythia-6.9b-deduped,../../model_ckpts/36000/EleutherAI_edit/localization_results_36000.csv,mem,1.0,-0.8215962481121928,0.1738013698630135,-0.6477948782491793
11,56.43564462661743,20.980392156862745,BASE_STATS,0.1,13.04876184463501,,,,,,,,,,,,,,,,,,,,,,,,,,,,,,,,,,,,,,,,,,,,,,,,,,,,,,,,,,,,,,,,,,,,,,,,,,,,,,,,,,,,,,,,,,,
12,5.14851510524749,26.764705882352946,greedy,0.001,36533.94279193878,,305.0,305.0,305.0,305.0,305.0,305.0,305.0,305.0,305.0,305.0,305.0,305.0,305.0,305.0,305.0,305.0,305.0,305.0,305.0,305.0,305.0,305.0,305.0,305.0,305.0,305.0,305.0,305.0,305.0,305.0,305.0,305.0,305.0,305.0,305.0,305.0,305.0,305.0,305.0,305.0,305.0,305.0,305.0,305.0,305.0,305.0,305.0,305.0,305.0,305.0,305.0,305.0,305.0,305.0,305.0,305.0,305.0,305.0,305.0,305.0,305.0,305.0,305.0,305.0,305.0,305.0,305.0,305.0,305.0,EleutherAI/pythia-6.9b-deduped,32.0,1.0,1000.0,0.1,0.1,32.0,1.0,0.9,0.0005,72000.0,0.0,0.0,0.05,../../model_ckpts/72000/EleutherAI/pythia-6.9b-deduped,../../model_ckpts/72000/EleutherAI_edit/localization_results_72000.csv,mem,1.0,-0.9087719270452129,0.27570093457943945,-0.6330709924657735
13,9.70297083258628,30.80392156862745,durable,0.01,7.70464301109314,,52.0,52.0,52.0,52.0,52.0,52.0,52.0,52.0,52.0,52.0,52.0,52.0,52.0,52.0,52.0,52.0,52.0,52.0,52.0,52.0,52.0,52.0,52.0,52.0,52.0,52.0,52.0,52.0,52.0,52.0,52.0,52.0,52.0,52.0,52.0,52.0,52.0,52.0,52.0,52.0,52.0,52.0,52.0,52.0,52.0,52.0,52.0,52.0,52.0,52.0,52.0,52.0,52.0,52.0,52.0,52.0,52.0,52.0,52.0,52.0,52.0,52.0,52.0,52.0,52.0,52.0,52.0,52.0,52.0,EleutherAI/pythia-6.9b-deduped,32.0,1.0,1000.0,0.1,0.1,32.0,1.0,0.9,0.0005,72000.0,0.0,0.0,0.05,../../model_ckpts/72000/EleutherAI/pythia-6.9b-deduped,../../model_ckpts/72000/EleutherAI_edit/localization_results_72000.csv,mem,1.0,-0.8280701691850624,0.46822429906542057,-0.3598458701196418
14,6.73267319798469,35.11764705882353,durable_agg,0.01,435.64861702919006,,59.0,59.0,59.0,59.0,59.0,59.0,59.0,59.0,59.0,59.0,59.0,59.0,59.0,59.0,59.0,59.0,59.0,59.0,59.0,59.0,59.0,59.0,59.0,59.0,59.0,59.0,59.0,59.0,59.0,59.0,59.0,59.0,59.0,59.0,59.0,59.0,59.0,59.0,59.0,59.0,59.0,59.0,59.0,59.0,59.0,59.0,59.0,59.0,59.0,59.0,59.0,59.0,59.0,59.0,59.0,59.0,59.0,59.0,59.0,59.0,59.0,59.0,59.0,59.0,59.0,59.0,59.0,59.0,59.0,EleutherAI/pythia-6.9b-deduped,32.0,1.0,1000.0,0.1,0.1,32.0,1.0,0.9,0.0005,72000.0,0.0,0.0,0.05,../../model_ckpts/72000/EleutherAI/pythia-6.9b-deduped,../../model_ckpts/72000/EleutherAI_edit/localization_results_72000.csv,mem,1.0,-0.8807017578601507,0.6738317757009346,-0.20686998215921615
15,8.91089141368866,25.01960784313725,random,1.0,485.5430254936218,,116.0,116.0,116.0,116.0,116.0,116.0,116.0,116.0,116.0,116.0,116.0,116.0,116.0,116.0,116.0,116.0,116.0,116.0,116.0,116.0,116.0,116.0,116.0,116.0,116.0,116.0,116.0,116.0,116.0,116.0,116.0,116.0,116.0,116.0,116.0,116.0,116.0,116.0,116.0,116.0,116.0,116.0,116.0,116.0,116.0,116.0,116.0,116.0,116.0,116.0,116.0,116.0,116.0,116.0,116.0,116.0,116.0,116.0,116.0,116.0,116.0,116.0,116.0,116.0,116.0,116.0,116.0,116.0,116.0,EleutherAI/pythia-6.9b-deduped,32.0,20.0,1000.0,0.1,0.1,32.0,1.0,0.9,0.0005,72000.0,0.0,0.0,0.05,../../model_ckpts/72000/EleutherAI/pythia-6.9b-deduped,../../model_ckpts/72000/EleutherAI_edit/localization_results_72000.csv,mem,1.0,-0.8421052603785462,0.19252336448598112,-0.649581895892565
16,8.118811994791029,23.37254901960784,random_greedy,5.0,219.60012197494507,,254.0,254.0,254.0,254.0,254.0,254.0,254.0,254.0,254.0,254.0,254.0,254.0,254.0,254.0,254.0,254.0,254.0,254.0,254.0,254.0,254.0,254.0,254.0,254.0,254.0,254.0,254.0,254.0,254.0,254.0,254.0,254.0,254.0,254.0,254.0,254.0,254.0,254.0,254.0,254.0,254.0,254.0,254.0,254.0,254.0,254.0,254.0,254.0,254.0,254.0,254.0,254.0,254.0,254.0,254.0,254.0,254.0,254.0,254.0,254.0,254.0,254.0,254.0,254.0,254.0,254.0,254.0,254.0,254.0,EleutherAI/pythia-6.9b-deduped,32.0,1.0,1000.0,0.1,0.1,32.0,1.0,0.9,0.0005,72000.0,0.0,0.0,0.7,../../model_ckpts/72000/EleutherAI/pythia-6.9b-deduped,../../model_ckpts/72000/EleutherAI_edit/localization_results_72000.csv,mem,1.0,-0.8561403515720302,0.1140186915887848,-0.7421216599832454
17,13.26732784509658,25.92156862745098,hc,5.0,4.357563018798828,,31.0,31.0,31.0,31.0,31.0,31.0,31.0,31.0,31.0,31.0,31.0,31.0,31.0,31.0,31.0,31.0,31.0,31.0,31.0,31.0,31.0,31.0,31.0,31.0,31.0,31.0,31.0,31.0,31.0,31.0,31.0,31.0,31.0,31.0,31.0,31.0,31.0,31.0,31.0,31.0,31.0,31.0,31.0,31.0,31.0,31.0,31.0,31.0,31.0,31.0,31.0,31.0,31.0,31.0,31.0,31.0,31.0,31.0,31.0,31.0,31.0,31.0,31.0,31.0,31.0,31.0,31.0,31.0,31.0,EleutherAI/pythia-6.9b-deduped,32.0,1.0,1000.0,0.1,0.1,32.0,1.0,0.9,0.0005,72000.0,0.0,0.0,0.05,../../model_ckpts/72000/EleutherAI/pythia-6.9b-deduped,../../model_ckpts/72000/EleutherAI_edit/localization_results_72000.csv,mem,1.0,-0.7649122654153374,0.2355140186915888,-0.5293982467237486
18,47.52475321292877,21.431372549019606,slim,5.0,3.67608642578125,,47.0,47.0,47.0,47.0,47.0,47.0,47.0,47.0,47.0,47.0,47.0,47.0,47.0,47.0,47.0,47.0,47.0,47.0,47.0,47.0,47.0,47.0,47.0,47.0,47.0,47.0,47.0,47.0,47.0,47.0,47.0,47.0,47.0,47.0,47.0,47.0,47.0,47.0,47.0,47.0,47.0,47.0,47.0,47.0,47.0,47.0,47.0,47.0,47.0,47.0,47.0,47.0,47.0,47.0,47.0,47.0,47.0,47.0,47.0,47.0,47.0,47.0,47.0,47.0,47.0,47.0,47.0,47.0,47.0,EleutherAI/pythia-6.9b-deduped,32.0,1.0,1000.0,0.1,0.1,32.0,1.0,0.9,0.0005,72000.0,0.0,0.0,0.05,../../model_ckpts/72000/EleutherAI/pythia-6.9b-deduped,../../model_ckpts/72000/EleutherAI_edit/localization_results_72000.csv,mem,1.0,-0.15789473962145384,0.021495327102803663,-0.13639941251865018
19,47.52475321292877,21.431372549019606,slim,5.0,33.38477849960327,,48.0,48.0,48.0,48.0,48.0,48.0,48.0,48.0,48.0,48.0,48.0,48.0,48.0,48.0,48.0,48.0,48.0,48.0,48.0,48.0,48.0,48.0,48.0,48.0,48.0,48.0,48.0,48.0,48.0,48.0,48.0,48.0,48.0,48.0,48.0,48.0,48.0,48.0,48.0,48.0,48.0,48.0,48.0,48.0,48.0,48.0,48.0,48.0,48.0,48.0,48.0,48.0,48.0,48.0,48.0,48.0,48.0,48.0,48.0,48.0,48.0,48.0,48.0,48.0,48.0,48.0,48.0,48.0,48.0,EleutherAI/pythia-6.9b-deduped,32.0,10.0,1000.0,0.1,0.1,32.0,1.0,0.9,0.0005,72000.0,0.0,0.0,0.05,../../model_ckpts/72000/EleutherAI/pythia-6.9b-deduped,../../model_ckpts/72000/EleutherAI_edit/localization_results_72000.csv,mem,1.0,-0.15789473962145384,0.021495327102803663,-0.13639941251865018
20,47.52475321292877,21.431372549019606,slim,5.0,66.36648464202881,,49.0,49.0,49.0,49.0,49.0,49.0,49.0,49.0,49.0,49.0,49.0,49.0,49.0,49.0,49.0,49.0,49.0,49.0,49.0,49.0,49.0,49.0,49.0,49.0,49.0,49.0,49.0,49.0,49.0,49.0,49.0,49.0,49.0,49.0,49.0,49.0,49.0,49.0,49.0,49.0,49.0,49.0,49.0,49.0,49.0,49.0,49.0,49.0,49.0,49.0,49.0,49.0,49.0,49.0,49.0,49.0,49.0,49.0,49.0,49.0,49.0,49.0,49.0,49.0,49.0,49.0,49.0,49.0,49.0,EleutherAI/pythia-6.9b-deduped,32.0,20.0,1000.0,0.1,0.1,32.0,1.0,0.9,0.0005,72000.0,0.0,0.0,0.05,../../model_ckpts/72000/EleutherAI/pythia-6.9b-deduped,../../model_ckpts/72000/EleutherAI_edit/localization_results_72000.csv,mem,1.0,-0.15789473962145384,0.021495327102803663,-0.13639941251865018
21,9.10891145467758,25.47058823529412,act,5.0,13.04876184463501,,9.0,9.0,9.0,9.0,9.0,9.0,9.0,9.0,9.0,9.0,9.0,9.0,9.0,9.0,9.0,9.0,9.0,9.0,9.0,9.0,9.0,9.0,9.0,9.0,9.0,9.0,9.0,9.0,9.0,9.0,9.0,9.0,9.0,9.0,9.0,9.0,9.0,9.0,9.0,9.0,9.0,9.0,9.0,9.0,9.0,9.0,9.0,9.0,9.0,9.0,9.0,9.0,9.0,9.0,9.0,9.0,9.0,9.0,9.0,9.0,9.0,9.0,9.0,9.0,9.0,9.0,9.0,9.0,9.0,EleutherAI/pythia-6.9b-deduped,32.0,1.0,1000.0,0.1,0.1,32.0,1.0,0.9,0.0005,72000.0,0.0,0.0,0.05,../../model_ckpts/72000/EleutherAI/pythia-6.9b-deduped,../../model_ckpts/72000/EleutherAI_edit/localization_results_72000.csv,mem,1.0,-0.8385964842796988,0.21401869158878514,-0.6245777926909136
22,71.88119292259216,19.794117647058822,BASE_STATS,0.1,16.487558364868164,,,,,,,,,,,,,,,,,,,,,,,,,,,,,,,,,,,,,,,,,,,,,,,,,,,,,,,,,,,,,,,,,,,,,,,,,,,,,,,,,,,,,,,,,,,
23,4.15841601788997,27.92156862745098,greedy,0.001,36551.63410305977,,,,,,,,,,,,,,,,,,,,,,,,,,,,,,,,,,,,,,,,,,,,,,,,,,,,,,,,,,,,,,,,,,,,,,,EleutherAI/pythia-6.9b-deduped,32.0,1.0,1000.0,0.1,0.1,32.0,1.0,0.9,0.0005,108000.0,0.0,0.0,0.05,../../model_ckpts/108000/EleutherAI/pythia-6.9b-deduped,../../model_ckpts/108000/EleutherAI_edit/localization_results_108000.csv,mem,1.0,-0.9421487617440056,0.4105993065874196,-0.531549455156586
24,5.34653477370739,38.03921568627451,durable,0.01,8.862090110778809,,,,,,,53.0,53.0,53.0,53.0,53.0,53.0,53.0,53.0,53.0,53.0,53.0,53.0,53.0,53.0,53.0,53.0,53.0,53.0,53.0,53.0,53.0,53.0,53.0,53.0,53.0,53.0,53.0,53.0,53.0,53.0,53.0,53.0,53.0,53.0,53.0,53.0,53.0,53.0,53.0,53.0,53.0,53.0,53.0,53.0,53.0,53.0,53.0,53.0,53.0,53.0,53.0,53.0,53.0,53.0,53.0,53.0,53.0,53.0,53.0,53.0,53.0,53.0,53.0,53.0,EleutherAI/pythia-6.9b-deduped,32.0,1.0,1000.0,0.1,0.1,32.0,1.0,0.9,0.0005,108000.0,0.0,0.0,0.05,../../model_ckpts/108000/EleutherAI/pythia-6.9b-deduped,../../model_ckpts/108000/EleutherAI_edit/localization_results_108000.csv,mem,1.0,-0.9256198380087404,0.9217434373452205,-0.0038764006635199078
25,2.77227722108364,52.431372549019606,durable_agg,0.01,446.6639914512634,,,,,,,59.0,59.0,59.0,59.0,59.0,59.0,59.0,59.0,59.0,59.0,59.0,59.0,59.0,59.0,59.0,59.0,59.0,59.0,59.0,59.0,59.0,59.0,59.0,59.0,59.0,59.0,59.0,59.0,59.0,59.0,59.0,59.0,59.0,59.0,59.0,59.0,59.0,59.0,59.0,59.0,59.0,59.0,59.0,59.0,59.0,59.0,59.0,59.0,59.0,59.0,59.0,59.0,59.0,59.0,59.0,59.0,59.0,59.0,59.0,59.0,59.0,59.0,59.0,59.0,EleutherAI/pythia-6.9b-deduped,32.0,1.0,1000.0,0.1,0.1,32.0,1.0,0.9,0.0005,108000.0,0.0,0.0,0.05,../../model_ckpts/108000/EleutherAI/pythia-6.9b-deduped,../../model_ckpts/108000/EleutherAI_edit/localization_results_108000.csv,mem,1.0,-0.9614325095568591,1.6488360574541854,0.6874035478973263
26,2.77227722108364,30.62745098039216,random,1.0,617.848560333252,,,,,,,116.0,116.0,116.0,116.0,116.0,116.0,116.0,116.0,116.0,116.0,116.0,116.0,116.0,116.0,116.0,116.0,116.0,116.0,116.0,116.0,116.0,116.0,116.0,116.0,116.0,116.0,116.0,116.0,116.0,116.0,116.0,116.0,116.0,116.0,116.0,116.0,116.0,116.0,116.0,116.0,116.0,116.0,116.0,116.0,116.0,116.0,116.0,116.0,116.0,116.0,116.0,116.0,116.0,116.0,116.0,116.0,116.0,116.0,116.0,116.0,116.0,116.0,116.0,116.0,EleutherAI/pythia-6.9b-deduped,32.0,20.0,1000.0,0.1,0.1,32.0,1.0,0.9,0.0005,108000.0,0.0,0.0,0.05,../../model_ckpts/108000/EleutherAI/pythia-6.9b-deduped,../../model_ckpts/108000/EleutherAI_edit/localization_results_108000.csv,mem,1.0,-0.9614325095568591,0.5473006438831107,-0.4141318656737484
27,2.57425755262374,20.431372549019606,random_greedy,0.1,1566.908353805542,,,,,,,229.0,229.0,229.0,229.0,229.0,229.0,229.0,229.0,229.0,229.0,229.0,229.0,229.0,229.0,229.0,229.0,229.0,229.0,229.0,229.0,229.0,229.0,229.0,229.0,229.0,229.0,229.0,229.0,229.0,229.0,229.0,229.0,229.0,229.0,229.0,229.0,229.0,229.0,229.0,229.0,229.0,229.0,229.0,229.0,229.0,229.0,229.0,229.0,229.0,229.0,229.0,229.0,229.0,229.0,229.0,229.0,229.0,229.0,229.0,229.0,229.0,229.0,229.0,229.0,EleutherAI/pythia-6.9b-deduped,32.0,10.0,1000.0,0.1,0.1,32.0,1.0,0.9,0.0005,108000.0,0.0,0.0,0.7,../../model_ckpts/108000/EleutherAI/pythia-6.9b-deduped,../../model_ckpts/108000/EleutherAI_edit/localization_results_108000.csv,mem,1.0,-0.9641873284518815,0.032194155522535885,-0.9319931729293456
28,15.64356535673141,25.90196078431373,hc,5.0,47.2509195804596,,,,,,,34.0,34.0,34.0,34.0,34.0,34.0,34.0,34.0,34.0,34.0,34.0,34.0,34.0,34.0,34.0,34.0,34.0,34.0,34.0,34.0,34.0,34.0,34.0,34.0,34.0,34.0,34.0,34.0,34.0,34.0,34.0,34.0,34.0,34.0,34.0,34.0,34.0,34.0,34.0,34.0,34.0,34.0,34.0,34.0,34.0,34.0,34.0,34.0,34.0,34.0,34.0,34.0,34.0,34.0,34.0,34.0,34.0,34.0,34.0,34.0,34.0,34.0,34.0,34.0,EleutherAI/pythia-6.9b-deduped,32.0,10.0,1000.0,0.1,0.1,32.0,1.0,0.9,0.0005,108000.0,0.0,0.0,0.05,../../model_ckpts/108000/EleutherAI/pythia-6.9b-deduped,../../model_ckpts/108000/EleutherAI_edit/localization_results_108000.csv,mem,1.0,-0.7823691466336996,0.3085685983159983,-0.4738005483177013
29,55.841583013534546,20.33333333333333,slim,5.0,4.575929403305054,,,,,,,48.0,48.0,48.0,48.0,48.0,48.0,48.0,48.0,48.0,48.0,48.0,48.0,48.0,48.0,48.0,48.0,48.0,48.0,48.0,48.0,48.0,48.0,48.0,48.0,48.0,48.0,48.0,48.0,48.0,48.0,48.0,48.0,48.0,48.0,48.0,48.0,48.0,48.0,48.0,48.0,48.0,48.0,48.0,48.0,48.0,48.0,48.0,48.0,48.0,48.0,48.0,48.0,48.0,48.0,48.0,48.0,48.0,48.0,48.0,48.0,48.0,48.0,48.0,48.0,EleutherAI/pythia-6.9b-deduped,32.0,1.0,1000.0,0.1,0.1,32.0,1.0,0.9,0.0005,108000.0,0.0,0.0,0.05,../../model_ckpts/108000/EleutherAI/pythia-6.9b-deduped,../../model_ckpts/108000/EleutherAI_edit/localization_results_108000.csv,mem,1.0,-0.22314056371226956,0.027241208519068662,-0.1958993551932009
30,55.841583013534546,20.33333333333333,slim,5.0,42.54601526260376,,,,,,,49.0,49.0,49.0,49.0,49.0,49.0,49.0,49.0,49.0,49.0,49.0,49.0,49.0,49.0,49.0,49.0,49.0,49.0,49.0,49.0,49.0,49.0,49.0,49.0,49.0,49.0,49.0,49.0,49.0,49.0,49.0,49.0,49.0,49.0,49.0,49.0,49.0,49.0,49.0,49.0,49.0,49.0,49.0,49.0,49.0,49.0,49.0,49.0,49.0,49.0,49.0,49.0,49.0,49.0,49.0,49.0,49.0,49.0,49.0,49.0,49.0,49.0,49.0,49.0,EleutherAI/pythia-6.9b-deduped,32.0,10.0,1000.0,0.1,0.1,32.0,1.0,0.9,0.0005,108000.0,0.0,0.0,0.05,../../model_ckpts/108000/EleutherAI/pythia-6.9b-deduped,../../model_ckpts/108000/EleutherAI_edit/localization_results_108000.csv,mem,1.0,-0.22314056371226956,0.027241208519068662,-0.1958993551932009
31,55.841583013534546,20.33333333333333,slim,5.0,84.58076119422913,,,,,,,50.0,50.0,50.0,50.0,50.0,50.0,50.0,50.0,50.0,50.0,50.0,50.0,50.0,50.0,50.0,50.0,50.0,50.0,50.0,50.0,50.0,50.0,50.0,50.0,50.0,50.0,50.0,50.0,50.0,50.0,50.0,50.0,50.0,50.0,50.0,50.0,50.0,50.0,50.0,50.0,50.0,50.0,50.0,50.0,50.0,50.0,50.0,50.0,50.0,50.0,50.0,50.0,50.0,50.0,50.0,50.0,50.0,50.0,50.0,50.0,50.0,50.0,50.0,50.0,EleutherAI/pythia-6.9b-deduped,32.0,20.0,1000.0,0.1,0.1,32.0,1.0,0.9,0.0005,108000.0,0.0,0.0,0.05,../../model_ckpts/108000/EleutherAI/pythia-6.9b-deduped,../../model_ckpts/108000/EleutherAI_edit/localization_results_108000.csv,mem,1.0,-0.22314056371226956,0.027241208519068662,-0.1958993551932009
32,7.12871327996254,25.03921568627451,act,5.0,16.487558364868164,,,,,,,9.0,9.0,9.0,9.0,9.0,9.0,9.0,9.0,9.0,9.0,9.0,9.0,9.0,9.0,9.0,9.0,9.0,9.0,9.0,9.0,9.0,9.0,9.0,9.0,9.0,9.0,9.0,9.0,9.0,9.0,9.0,9.0,9.0,9.0,9.0,9.0,9.0,9.0,9.0,9.0,9.0,9.0,9.0,9.0,9.0,9.0,9.0,9.0,9.0,9.0,9.0,9.0,9.0,9.0,9.0,9.0,9.0,9.0,9.0,9.0,9.0,9.0,9.0,9.0,EleutherAI/pythia-6.9b-deduped,32.0,1.0,1000.0,0.1,0.1,32.0,1.0,0.9,0.0005,108000.0,0.0,0.0,0.05,../../model_ckpts/108000/EleutherAI/pythia-6.9b-deduped,../../model_ckpts/108000/EleutherAI_edit/localization_results_108000.csv,mem,1.0,-0.9008264472232764,0.2649826646854879,-0.6358437825377885
33,89.3069326877594,19.46078431372549,BASE_STATS,0.1,20.54651188850403,,,,,,,,,,,,,,,,,,,,,,,,,,,,,,,,,,,,,,,,,,,,,,,,,,,,,,,,,,,,,,,,,,,,,,,,,,,,,,,,,,,,,,,,,,,
34,1.38613861054182,34.568627450980394,greedy,0.001,36314.37610292435,,,,,,,,,,,,,,,,,,,,,,,,,,,,,,,,,,,,,,,,,,,,,,,,,,,,,,,,,,,,,,,,,,,,,,,EleutherAI/pythia-6.9b-deduped,32.0,1.0,1000.0,0.1,0.1,32.0,1.0,0.9,0.0005,143000.0,0.0,0.0,0.05,../../model_ckpts/143000/EleutherAI/pythia-6.9b-deduped,../../model_ckpts/143000/EleutherAI_edit/localization_results_143000.csv,mem,1.0,-0.9844789360822847,0.7763224181360202,-0.20815651794626444
35,6.138614192605011,33.05882352941177,durable,0.01,10.24764847755432,,,,,,,,53.0,53.0,53.0,53.0,53.0,53.0,53.0,53.0,53.0,53.0,53.0,53.0,53.0,53.0,53.0,53.0,53.0,53.0,53.0,53.0,53.0,53.0,53.0,53.0,53.0,53.0,53.0,53.0,53.0,53.0,53.0,53.0,53.0,53.0,53.0,53.0,53.0,53.0,53.0,53.0,53.0,53.0,53.0,53.0,53.0,53.0,53.0,53.0,53.0,53.0,53.0,53.0,53.0,53.0,53.0,53.0,53.0,53.0,53.0,53.0,53.0,53.0,53.0,EleutherAI/pythia-6.9b-deduped,32.0,1.0,1000.0,0.1,0.1,32.0,1.0,0.9,0.0005,143000.0,0.0,0.0,0.05,../../model_ckpts/143000/EleutherAI/pythia-6.9b-deduped,../../model_ckpts/143000/EleutherAI_edit/localization_results_143000.csv,mem,1.0,-0.9312638559195934,0.6987405541561714,-0.23252330176342195
36,4.55445572733879,38.68627450980392,durable_agg,0.01,438.0425589084625,,,,,,,,60.0,60.0,60.0,60.0,60.0,60.0,60.0,60.0,60.0,60.0,60.0,60.0,60.0,60.0,60.0,60.0,60.0,60.0,60.0,60.0,60.0,60.0,60.0,60.0,60.0,60.0,60.0,60.0,60.0,60.0,60.0,60.0,60.0,60.0,60.0,60.0,60.0,60.0,60.0,60.0,60.0,60.0,60.0,60.0,60.0,60.0,60.0,60.0,60.0,60.0,60.0,60.0,60.0,60.0,60.0,60.0,60.0,60.0,60.0,60.0,60.0,60.0,60.0,EleutherAI/pythia-6.9b-deduped,32.0,1.0,1000.0,0.1,0.1,32.0,1.0,0.9,0.0005,143000.0,0.0,0.0,0.05,../../model_ckpts/143000/EleutherAI/pythia-6.9b-deduped,../../model_ckpts/143000/EleutherAI_edit/localization_results_143000.csv,mem,1.0,-0.9490022152786014,0.9879093198992444,0.03890710462064295
37,3.16831693053245,29.41176470588235,random,1.0,414.9530918598175,,,,,,,,116.0,116.0,116.0,116.0,116.0,116.0,116.0,116.0,116.0,116.0,116.0,116.0,116.0,116.0,116.0,116.0,116.0,116.0,116.0,116.0,116.0,116.0,116.0,116.0,116.0,116.0,116.0,116.0,116.0,116.0,116.0,116.0,116.0,116.0,116.0,116.0,116.0,116.0,116.0,116.0,116.0,116.0,116.0,116.0,116.0,116.0,116.0,116.0,116.0,116.0,116.0,116.0,116.0,116.0,116.0,116.0,116.0,116.0,116.0,116.0,116.0,116.0,116.0,EleutherAI/pythia-6.9b-deduped,32.0,10.0,1000.0,0.1,0.1,32.0,1.0,0.9,0.0005,143000.0,0.0,0.0,0.05,../../model_ckpts/143000/EleutherAI/pythia-6.9b-deduped,../../model_ckpts/143000/EleutherAI_edit/localization_results_143000.csv,mem,1.0,-0.9645232812819837,0.5113350125944583,-0.4531882686875254
38,6.53465390205383,22.725490196078432,random_greedy,5.0,233.4186062812805,,,,,,,,255.0,255.0,255.0,255.0,255.0,255.0,255.0,255.0,255.0,255.0,255.0,255.0,255.0,255.0,255.0,255.0,255.0,255.0,255.0,255.0,255.0,255.0,255.0,255.0,255.0,255.0,255.0,255.0,255.0,255.0,255.0,255.0,255.0,255.0,255.0,255.0,255.0,255.0,255.0,255.0,255.0,255.0,255.0,255.0,255.0,255.0,255.0,255.0,255.0,255.0,255.0,255.0,255.0,255.0,255.0,255.0,255.0,255.0,255.0,255.0,255.0,255.0,255.0,EleutherAI/pythia-6.9b-deduped,32.0,1.0,1000.0,0.1,0.1,32.0,1.0,0.9,0.0005,143000.0,0.0,0.0,0.7,../../model_ckpts/143000/EleutherAI/pythia-6.9b-deduped,../../model_ckpts/143000/EleutherAI_edit/localization_results_143000.csv,mem,1.0,-0.9268292650370077,0.16775818639798493,-0.7590710786390228
39,13.66336643695831,26.980392156862745,hc,5.0,58.32594871520996,,,,,,,,36.0,36.0,36.0,36.0,36.0,36.0,36.0,36.0,36.0,36.0,36.0,36.0,36.0,36.0,36.0,36.0,36.0,36.0,36.0,36.0,36.0,36.0,36.0,36.0,36.0,36.0,36.0,36.0,36.0,36.0,36.0,36.0,36.0,36.0,36.0,36.0,36.0,36.0,36.0,36.0,36.0,36.0,36.0,36.0,36.0,36.0,36.0,36.0,36.0,36.0,36.0,36.0,36.0,36.0,36.0,36.0,36.0,36.0,36.0,36.0,36.0,36.0,36.0,EleutherAI/pythia-6.9b-deduped,32.0,10.0,1000.0,0.1,0.1,32.0,1.0,0.9,0.0005,143000.0,0.0,0.0,0.05,../../model_ckpts/143000/EleutherAI/pythia-6.9b-deduped,../../model_ckpts/143000/EleutherAI_edit/localization_results_143000.csv,mem,1.0,-0.8470066541784719,0.3863979848866499,-0.460608669291822
40,58.01980495452881,20.137254901960784,slim,5.0,5.653414249420166,,,,,,,,49.0,49.0,49.0,49.0,49.0,49.0,49.0,49.0,49.0,49.0,49.0,49.0,49.0,49.0,49.0,49.0,49.0,49.0,49.0,49.0,49.0,49.0,49.0,49.0,49.0,49.0,49.0,49.0,49.0,49.0,49.0,49.0,49.0,49.0,49.0,49.0,49.0,49.0,49.0,49.0,49.0,49.0,49.0,49.0,49.0,49.0,49.0,49.0,49.0,49.0,49.0,49.0,49.0,49.0,49.0,49.0,49.0,49.0,49.0,49.0,49.0,49.0,49.0,EleutherAI/pythia-6.9b-deduped,32.0,1.0,1000.0,0.1,0.1,32.0,1.0,0.9,0.0005,143000.0,0.0,0.0,0.05,../../model_ckpts/143000/EleutherAI/pythia-6.9b-deduped,../../model_ckpts/143000/EleutherAI_edit/localization_results_143000.csv,mem,1.0,-0.35033257544090834,0.03476070528967251,-0.31557187015123583
41,58.01980495452881,20.137254901960784,slim,5.0,53.21395778656006,,,,,,,,50.0,50.0,50.0,50.0,50.0,50.0,50.0,50.0,50.0,50.0,50.0,50.0,50.0,50.0,50.0,50.0,50.0,50.0,50.0,50.0,50.0,50.0,50.0,50.0,50.0,50.0,50.0,50.0,50.0,50.0,50.0,50.0,50.0,50.0,50.0,50.0,50.0,50.0,50.0,50.0,50.0,50.0,50.0,50.0,50.0,50.0,50.0,50.0,50.0,50.0,50.0,50.0,50.0,50.0,50.0,50.0,50.0,50.0,50.0,50.0,50.0,50.0,50.0,EleutherAI/pythia-6.9b-deduped,32.0,10.0,1000.0,0.1,0.1,32.0,1.0,0.9,0.0005,143000.0,0.0,0.0,0.05,../../model_ckpts/143000/EleutherAI/pythia-6.9b-deduped,../../model_ckpts/143000/EleutherAI_edit/localization_results_143000.csv,mem,1.0,-0.35033257544090834,0.03476070528967251,-0.31557187015123583
42,58.01980495452881,20.137254901960784,slim,5.0,104.85202622413637,,,,,,,,51.0,51.0,51.0,51.0,51.0,51.0,51.0,51.0,51.0,51.0,51.0,51.0,51.0,51.0,51.0,51.0,51.0,51.0,51.0,51.0,51.0,51.0,51.0,51.0,51.0,51.0,51.0,51.0,51.0,51.0,51.0,51.0,51.0,51.0,51.0,51.0,51.0,51.0,51.0,51.0,51.0,51.0,51.0,51.0,51.0,51.0,51.0,51.0,51.0,51.0,51.0,51.0,51.0,51.0,51.0,51.0,51.0,51.0,51.0,51.0,51.0,51.0,51.0,EleutherAI/pythia-6.9b-deduped,32.0,20.0,1000.0,0.1,0.1,32.0,1.0,0.9,0.0005,143000.0,0.0,0.0,0.05,../../model_ckpts/143000/EleutherAI/pythia-6.9b-deduped,../../model_ckpts/143000/EleutherAI_edit/localization_results_143000.csv,mem,1.0,-0.35033257544090834,0.03476070528967251,-0.31557187015123583
43,7.12871327996254,25.529411764705884,act,5.0,20.54651188850403,,,,,,,,10.0,10.0,10.0,10.0,10.0,10.0,10.0,10.0,10.0,10.0,10.0,10.0,10.0,10.0,10.0,10.0,10.0,10.0,10.0,10.0,10.0,10.0,10.0,10.0,10.0,10.0,10.0,10.0,10.0,10.0,10.0,10.0,10.0,10.0,10.0,10.0,10.0,10.0,10.0,10.0,10.0,10.0,10.0,10.0,10.0,10.0,10.0,10.0,10.0,10.0,10.0,10.0,10.0,10.0,10.0,10.0,10.0,10.0,10.0,10.0,10.0,10.0,10.0,EleutherAI/pythia-6.9b-deduped,32.0,1.0,1000.0,0.1,0.1,32.0,1.0,0.9,0.0005,143000.0,0.0,0.0,0.05,../../model_ckpts/143000/EleutherAI/pythia-6.9b-deduped,../../model_ckpts/143000/EleutherAI_edit/localization_results_143000.csv,mem,1.0,-0.9201773807987964,0.31183879093199,-0.6083385898668063
44,27.72277295589447,25.15686274509804,BASE_STATS,0.1,4.345151662826538,,,,,,,,,,,,,,,,,,,,,,,,,,,,,,,,,,,,,,,,,,,,,,,,,,,,,,,,,,,,,,,,,,,,,,,,,,,,,,,,,,,,,,,,,,,
45,6.73267319798469,29.11764705882353,greedy,0.001,7554.99259352684,246.0,246.0,246.0,246.0,246.0,246.0,246.0,246.0,246.0,246.0,246.0,246.0,246.0,246.0,246.0,246.0,246.0,246.0,246.0,246.0,246.0,246.0,246.0,246.0,246.0,246.0,246.0,246.0,246.0,246.0,246.0,246.0,246.0,246.0,246.0,246.0,246.0,246.0,246.0,246.0,246.0,246.0,246.0,246.0,246.0,246.0,246.0,246.0,246.0,246.0,246.0,246.0,246.0,246.0,246.0,246.0,246.0,246.0,246.0,246.0,246.0,246.0,246.0,246.0,246.0,246.0,246.0,246.0,246.0,246.0,EleutherAI/pythia-2.8b-deduped,32.0,1.0,1000.0,0.1,0.1,32.0,1.0,0.9,0.0005,36000.0,0.0,0.0,0.05,../../model_ckpts/36000/EleutherAI/pythia-2.8b-deduped,../../model_ckpts/36000/EleutherAI_edit/localization_results_36000.csv,mem,1.0,-0.7571428655893827,0.15744349181605613,-0.5996993737733266
46,0.5940594244748301,97.72549019607844,durable,0.1,3.163773536682129,37.0,37.0,37.0,37.0,37.0,37.0,37.0,37.0,37.0,37.0,37.0,37.0,37.0,37.0,37.0,37.0,37.0,37.0,37.0,37.0,37.0,37.0,37.0,37.0,37.0,37.0,37.0,37.0,37.0,37.0,37.0,37.0,37.0,37.0,37.0,37.0,37.0,37.0,37.0,37.0,37.0,37.0,37.0,37.0,37.0,37.0,37.0,37.0,37.0,37.0,37.0,37.0,37.0,37.0,37.0,37.0,37.0,37.0,37.0,37.0,37.0,37.0,37.0,37.0,37.0,37.0,37.0,37.0,37.0,37.0,EleutherAI/pythia-2.8b-deduped,32.0,1.0,1000.0,0.1,0.1,32.0,1.0,0.9,0.0005,36000.0,0.0,0.0,0.05,../../model_ckpts/36000/EleutherAI/pythia-2.8b-deduped,../../model_ckpts/36000/EleutherAI_edit/localization_results_36000.csv,mem,1.0,-0.9785714284274539,2.884645362431801,1.9060739340043469
47,5.94059415161609,36.62745098039216,durable_agg,0.01,206.9618682861328,50.0,50.0,50.0,50.0,50.0,50.0,50.0,50.0,50.0,50.0,50.0,50.0,50.0,50.0,50.0,50.0,50.0,50.0,50.0,50.0,50.0,50.0,50.0,50.0,50.0,50.0,50.0,50.0,50.0,50.0,50.0,50.0,50.0,50.0,50.0,50.0,50.0,50.0,50.0,50.0,50.0,50.0,50.0,50.0,50.0,50.0,50.0,50.0,50.0,50.0,50.0,50.0,50.0,50.0,50.0,50.0,50.0,50.0,50.0,50.0,50.0,50.0,50.0,50.0,50.0,50.0,50.0,50.0,50.0,50.0,EleutherAI/pythia-2.8b-deduped,32.0,1.0,1000.0,0.1,0.1,32.0,1.0,0.9,0.0005,36000.0,0.0,0.0,0.05,../../model_ckpts/36000/EleutherAI/pythia-2.8b-deduped,../../model_ckpts/36000/EleutherAI_edit/localization_results_36000.csv,mem,1.0,-0.7857142876339508,0.4559625876851132,-0.3297516999488376
48,9.30693075060844,28.686274509803923,random,5.0,69.15624070167542,76.0,76.0,76.0,76.0,76.0,76.0,76.0,76.0,76.0,76.0,76.0,76.0,76.0,76.0,76.0,76.0,76.0,76.0,76.0,76.0,76.0,76.0,76.0,76.0,76.0,76.0,76.0,76.0,76.0,76.0,76.0,76.0,76.0,76.0,76.0,76.0,76.0,76.0,76.0,76.0,76.0,76.0,76.0,76.0,76.0,76.0,76.0,76.0,76.0,76.0,76.0,76.0,76.0,76.0,76.0,76.0,76.0,76.0,76.0,76.0,76.0,76.0,76.0,76.0,76.0,76.0,76.0,76.0,76.0,76.0,EleutherAI/pythia-2.8b-deduped,32.0,10.0,1000.0,0.1,0.1,32.0,1.0,0.9,0.0005,36000.0,0.0,0.0,0.05,../../model_ckpts/36000/EleutherAI/pythia-2.8b-deduped,../../model_ckpts/36000/EleutherAI_edit/localization_results_36000.csv,mem,1.0,-0.664285720428642,0.1402961808261887,-0.5239895396024533
49,7.326732575893399,26.41176470588235,random_greedy,0.1,1118.0585322380066,,,,,,,,,,,,,,,,,,,,,,,,,,,,,,,,,,,,,,,,,,,,,,,,,,,,,,,,,,,,,,,,,,,,,,,EleutherAI/pythia-2.8b-deduped,32.0,20.0,1000.0,0.1,0.1,32.0,1.0,0.9,0.0005,36000.0,0.0,0.0,0.7,../../model_ckpts/36000/EleutherAI/pythia-2.8b-deduped,../../model_ckpts/36000/EleutherAI_edit/localization_results_36000.csv,mem,1.0,-0.7357142956965431,0.04988308651597814,-0.685831209180565
50,6.336633861064909,31.01960784313725,hc,5.0,1.434161901473999,15.0,15.0,15.0,15.0,15.0,15.0,15.0,15.0,15.0,15.0,15.0,15.0,15.0,15.0,15.0,15.0,15.0,15.0,15.0,15.0,15.0,15.0,15.0,15.0,15.0,15.0,15.0,15.0,15.0,15.0,15.0,15.0,15.0,15.0,15.0,15.0,15.0,15.0,15.0,15.0,15.0,15.0,15.0,15.0,15.0,15.0,15.0,15.0,15.0,15.0,15.0,15.0,15.0,15.0,15.0,15.0,15.0,15.0,15.0,15.0,15.0,15.0,15.0,15.0,15.0,15.0,15.0,15.0,15.0,15.0,EleutherAI/pythia-2.8b-deduped,32.0,1.0,1000.0,0.1,0.1,32.0,1.0,0.9,0.0005,36000.0,0.0,0.0,0.05,../../model_ckpts/36000/EleutherAI/pythia-2.8b-deduped,../../model_ckpts/36000/EleutherAI_edit/localization_results_36000.csv,mem,1.0,-0.7714285698928396,0.23304754481683543,-0.5383810250760042
51,24.9504953622818,25.725490196078432,slim,5.0,1.6398160457611084,29.0,29.0,29.0,29.0,29.0,29.0,29.0,29.0,29.0,29.0,29.0,29.0,29.0,29.0,29.0,29.0,29.0,29.0,29.0,29.0,29.0,29.0,29.0,29.0,29.0,29.0,29.0,29.0,29.0,29.0,29.0,29.0,29.0,29.0,29.0,29.0,29.0,29.0,29.0,29.0,29.0,29.0,29.0,29.0,29.0,29.0,29.0,29.0,29.0,29.0,29.0,29.0,29.0,29.0,29.0,29.0,29.0,29.0,29.0,29.0,29.0,29.0,29.0,29.0,29.0,29.0,29.0,29.0,29.0,29.0,EleutherAI/pythia-2.8b-deduped,32.0,1.0,1000.0,0.1,0.1,32.0,1.0,0.9,0.0005,36000.0,0.0,0.0,0.05,../../model_ckpts/36000/EleutherAI/pythia-2.8b-deduped,../../model_ckpts/36000/EleutherAI_edit/localization_results_36000.csv,mem,1.0,-0.10000001075012317,0.022603273577552672,-0.0773967371725705
52,24.9504953622818,25.725490196078432,slim,5.0,9.22866177558899,30.0,30.0,30.0,30.0,30.0,30.0,30.0,30.0,30.0,30.0,30.0,30.0,30.0,30.0,30.0,30.0,30.0,30.0,30.0,30.0,30.0,30.0,30.0,30.0,30.0,30.0,30.0,30.0,30.0,30.0,30.0,30.0,30.0,30.0,30.0,30.0,30.0,30.0,30.0,30.0,30.0,30.0,30.0,30.0,30.0,30.0,30.0,30.0,30.0,30.0,30.0,30.0,30.0,30.0,30.0,30.0,30.0,30.0,30.0,30.0,30.0,30.0,30.0,30.0,30.0,30.0,30.0,30.0,30.0,30.0,EleutherAI/pythia-2.8b-deduped,32.0,10.0,1000.0,0.1,0.1,32.0,1.0,0.9,0.0005,36000.0,0.0,0.0,0.05,../../model_ckpts/36000/EleutherAI/pythia-2.8b-deduped,../../model_ckpts/36000/EleutherAI_edit/localization_results_36000.csv,mem,1.0,-0.10000001075012317,0.022603273577552672,-0.0773967371725705
53,24.9504953622818,25.725490196078432,slim,5.0,18.621565341949463,32.0,32.0,32.0,32.0,32.0,32.0,32.0,32.0,32.0,32.0,32.0,32.0,32.0,32.0,32.0,32.0,32.0,32.0,32.0,32.0,32.0,32.0,32.0,32.0,32.0,32.0,32.0,32.0,32.0,32.0,32.0,32.0,32.0,32.0,32.0,32.0,32.0,32.0,32.0,32.0,32.0,32.0,32.0,32.0,32.0,32.0,32.0,32.0,32.0,32.0,32.0,32.0,32.0,32.0,32.0,32.0,32.0,32.0,32.0,32.0,32.0,32.0,32.0,32.0,32.0,32.0,32.0,32.0,32.0,32.0,EleutherAI/pythia-2.8b-deduped,32.0,20.0,1000.0,0.1,0.1,32.0,1.0,0.9,0.0005,36000.0,0.0,0.0,0.05,../../model_ckpts/36000/EleutherAI/pythia-2.8b-deduped,../../model_ckpts/36000/EleutherAI_edit/localization_results_36000.csv,mem,1.0,-0.10000001075012317,0.022603273577552672,-0.0773967371725705
54,6.138614192605011,31.45098039215686,act,5.0,4.345151662826538,5.0,5.0,5.0,5.0,5.0,5.0,5.0,5.0,5.0,5.0,5.0,5.0,5.0,5.0,5.0,5.0,5.0,5.0,5.0,5.0,5.0,5.0,5.0,5.0,5.0,5.0,5.0,5.0,5.0,5.0,5.0,5.0,5.0,5.0,5.0,5.0,5.0,5.0,5.0,5.0,5.0,5.0,5.0,5.0,5.0,5.0,5.0,5.0,5.0,5.0,5.0,5.0,5.0,5.0,5.0,5.0,5.0,5.0,5.0,5.0,5.0,5.0,5.0,5.0,5.0,5.0,5.0,5.0,5.0,5.0,EleutherAI/pythia-2.8b-deduped,32.0,1.0,1000.0,0.1,0.1,32.0,1.0,0.9,0.0005,36000.0,0.0,0.0,0.05,../../model_ckpts/36000/EleutherAI/pythia-2.8b-deduped,../../model_ckpts/36000/EleutherAI_edit/localization_results_36000.csv,mem,1.0,-0.7785714220445683,0.25019485580670303,-0.5283765662378652
55,37.22772300243377,23.50980392156863,BASE_STATS,0.1,5.46658182144165,,,,,,,,,,,,,,,,,,,,,,,,,,,,,,,,,,,,,,,,,,,,,,,,,,,,,,,,,,,,,,,,,,,,,,,,,,,,,,,,,,,,,,,,,,,
56,5.14851510524749,30.137254901960784,greedy,0.001,7634.340022563934,,246.0,246.0,246.0,246.0,246.0,246.0,246.0,246.0,246.0,246.0,246.0,246.0,246.0,246.0,246.0,246.0,246.0,246.0,246.0,246.0,246.0,246.0,246.0,246.0,246.0,246.0,246.0,246.0,246.0,246.0,246.0,246.0,246.0,246.0,246.0,246.0,246.0,246.0,246.0,246.0,246.0,246.0,246.0,246.0,246.0,246.0,246.0,246.0,246.0,246.0,246.0,246.0,246.0,246.0,246.0,246.0,246.0,246.0,246.0,246.0,246.0,246.0,246.0,246.0,246.0,246.0,246.0,246.0,246.0,EleutherAI/pythia-2.8b-deduped,32.0,1.0,1000.0,0.1,0.1,32.0,1.0,0.9,0.0005,72000.0,0.0,0.0,0.05,../../model_ckpts/72000/EleutherAI/pythia-2.8b-deduped,../../model_ckpts/72000/EleutherAI_edit/localization_results_72000.csv,mem,1.0,-0.8617021216980983,0.2819015846538781,-0.5798005370442203
57,7.52475261688232,33.411764705882355,durable,0.01,3.573657274246216,,35.0,35.0,35.0,35.0,35.0,35.0,35.0,35.0,35.0,35.0,35.0,35.0,35.0,35.0,35.0,35.0,35.0,35.0,35.0,35.0,35.0,35.0,35.0,35.0,35.0,35.0,35.0,35.0,35.0,35.0,35.0,35.0,35.0,35.0,35.0,35.0,35.0,35.0,35.0,35.0,35.0,35.0,35.0,35.0,35.0,35.0,35.0,35.0,35.0,35.0,35.0,35.0,35.0,35.0,35.0,35.0,35.0,35.0,35.0,35.0,35.0,35.0,35.0,35.0,35.0,35.0,35.0,35.0,35.0,EleutherAI/pythia-2.8b-deduped,32.0,1.0,1000.0,0.1,0.1,32.0,1.0,0.9,0.0005,72000.0,0.0,0.0,0.05,../../model_ckpts/72000/EleutherAI/pythia-2.8b-deduped,../../model_ckpts/72000/EleutherAI_edit/localization_results_72000.csv,mem,1.0,-0.7978723378706135,0.42118432026688907,-0.37668801760372445
58,3.76237630844116,45.76470588235294,durable_agg,0.01,238.47978162765503,,50.0,50.0,50.0,50.0,50.0,50.0,50.0,50.0,50.0,50.0,50.0,50.0,50.0,50.0,50.0,50.0,50.0,50.0,50.0,50.0,50.0,50.0,50.0,50.0,50.0,50.0,50.0,50.0,50.0,50.0,50.0,50.0,50.0,50.0,50.0,50.0,50.0,50.0,50.0,50.0,50.0,50.0,50.0,50.0,50.0,50.0,50.0,50.0,50.0,50.0,50.0,50.0,50.0,50.0,50.0,50.0,50.0,50.0,50.0,50.0,50.0,50.0,50.0,50.0,50.0,50.0,50.0,50.0,50.0,EleutherAI/pythia-2.8b-deduped,32.0,1.0,1000.0,0.1,0.1,32.0,1.0,0.9,0.0005,72000.0,0.0,0.0,0.05,../../model_ckpts/72000/EleutherAI/pythia-2.8b-deduped,../../model_ckpts/72000/EleutherAI_edit/localization_results_72000.csv,mem,1.0,-0.8989361689353067,0.9466221851542952,0.04768601621898849
59,7.52475261688232,32.92156862745098,random,10.0,35.15753436088562,,78.0,78.0,78.0,78.0,78.0,78.0,78.0,78.0,78.0,78.0,78.0,78.0,78.0,78.0,78.0,78.0,78.0,78.0,78.0,78.0,78.0,78.0,78.0,78.0,78.0,78.0,78.0,78.0,78.0,78.0,78.0,78.0,78.0,78.0,78.0,78.0,78.0,78.0,78.0,78.0,78.0,78.0,78.0,78.0,78.0,78.0,78.0,78.0,78.0,78.0,78.0,78.0,78.0,78.0,78.0,78.0,78.0,78.0,78.0,78.0,78.0,78.0,78.0,78.0,78.0,78.0,78.0,78.0,78.0,EleutherAI/pythia-2.8b-deduped,32.0,1.0,1000.0,0.1,0.1,32.0,1.0,0.9,0.0005,72000.0,0.0,0.0,0.05,../../model_ckpts/72000/EleutherAI/pythia-2.8b-deduped,../../model_ckpts/72000/EleutherAI_edit/localization_results_72000.csv,mem,1.0,-0.7978723378706135,0.40033361134278556,-0.39753872652782796
60,6.336633861064909,26.37254901960784,random_greedy,0.1,1139.2404828071594,,,,,,,,,,,,,,,,,,,,,,,,,,,,,,,,,,,,,,,,,,,,,,,,,,,,,,,,,,,,,,,,,,,,,,,EleutherAI/pythia-2.8b-deduped,32.0,20.0,1000.0,0.1,0.1,32.0,1.0,0.9,0.0005,72000.0,0.0,0.0,0.5,../../model_ckpts/72000/EleutherAI/pythia-2.8b-deduped,../../model_ckpts/72000/EleutherAI_edit/localization_results_72000.csv,mem,1.0,-0.8297872297843558,0.12176814011676368,-0.7080190896675922
61,4.75247539579868,33.84313725490196,hc,5.0,1.6581497192382812,,15.0,15.0,15.0,15.0,15.0,15.0,15.0,15.0,15.0,15.0,15.0,15.0,15.0,15.0,15.0,15.0,15.0,15.0,15.0,15.0,15.0,15.0,15.0,15.0,15.0,15.0,15.0,15.0,15.0,15.0,15.0,15.0,15.0,15.0,15.0,15.0,15.0,15.0,15.0,15.0,15.0,15.0,15.0,15.0,15.0,15.0,15.0,15.0,15.0,15.0,15.0,15.0,15.0,15.0,15.0,15.0,15.0,15.0,15.0,15.0,15.0,15.0,15.0,15.0,15.0,15.0,15.0,15.0,15.0,EleutherAI/pythia-2.8b-deduped,32.0,1.0,1000.0,0.1,0.1,32.0,1.0,0.9,0.0005,72000.0,0.0,0.0,0.05,../../model_ckpts/72000/EleutherAI/pythia-2.8b-deduped,../../model_ckpts/72000/EleutherAI_edit/localization_results_72000.csv,mem,1.0,-0.872340422338267,0.4395329441201,-0.432807478218167
62,26.53465569019317,24.137254901960784,slim,5.0,1.9225647449493408,,29.0,29.0,29.0,29.0,29.0,29.0,29.0,29.0,29.0,29.0,29.0,29.0,29.0,29.0,29.0,29.0,29.0,29.0,29.0,29.0,29.0,29.0,29.0,29.0,29.0,29.0,29.0,29.0,29.0,29.0,29.0,29.0,29.0,29.0,29.0,29.0,29.0,29.0,29.0,29.0,29.0,29.0,29.0,29.0,29.0,29.0,29.0,29.0,29.0,29.0,29.0,29.0,29.0,29.0,29.0,29.0,29.0,29.0,29.0,29.0,29.0,29.0,29.0,29.0,29.0,29.0,29.0,29.0,29.0,EleutherAI/pythia-2.8b-deduped,32.0,1.0,1000.0,0.1,0.1,32.0,1.0,0.9,0.0005,72000.0,0.0,0.0,0.05,../../model_ckpts/72000/EleutherAI/pythia-2.8b-deduped,../../model_ckpts/72000/EleutherAI_edit/localization_results_72000.csv,mem,1.0,-0.287233987196626,0.02668890742285228,-0.2605450797737737
63,26.53465569019317,24.137254901960784,slim,5.0,12.177043199539185,,30.0,30.0,30.0,30.0,30.0,30.0,30.0,30.0,30.0,30.0,30.0,30.0,30.0,30.0,30.0,30.0,30.0,30.0,30.0,30.0,30.0,30.0,30.0,30.0,30.0,30.0,30.0,30.0,30.0,30.0,30.0,30.0,30.0,30.0,30.0,30.0,30.0,30.0,30.0,30.0,30.0,30.0,30.0,30.0,30.0,30.0,30.0,30.0,30.0,30.0,30.0,30.0,30.0,30.0,30.0,30.0,30.0,30.0,30.0,30.0,30.0,30.0,30.0,30.0,30.0,30.0,30.0,30.0,30.0,EleutherAI/pythia-2.8b-deduped,32.0,10.0,1000.0,0.1,0.1,32.0,1.0,0.9,0.0005,72000.0,0.0,0.0,0.05,../../model_ckpts/72000/EleutherAI/pythia-2.8b-deduped,../../model_ckpts/72000/EleutherAI_edit/localization_results_72000.csv,mem,1.0,-0.287233987196626,0.02668890742285228,-0.2605450797737737
64,26.53465569019317,24.137254901960784,slim,5.0,24.07785677909851,,32.0,32.0,32.0,32.0,32.0,32.0,32.0,32.0,32.0,32.0,32.0,32.0,32.0,32.0,32.0,32.0,32.0,32.0,32.0,32.0,32.0,32.0,32.0,32.0,32.0,32.0,32.0,32.0,32.0,32.0,32.0,32.0,32.0,32.0,32.0,32.0,32.0,32.0,32.0,32.0,32.0,32.0,32.0,32.0,32.0,32.0,32.0,32.0,32.0,32.0,32.0,32.0,32.0,32.0,32.0,32.0,32.0,32.0,32.0,32.0,32.0,32.0,32.0,32.0,32.0,32.0,32.0,32.0,32.0,EleutherAI/pythia-2.8b-deduped,32.0,20.0,1000.0,0.1,0.1,32.0,1.0,0.9,0.0005,72000.0,0.0,0.0,0.05,../../model_ckpts/72000/EleutherAI/pythia-2.8b-deduped,../../model_ckpts/72000/EleutherAI_edit/localization_results_72000.csv,mem,1.0,-0.287233987196626,0.02668890742285228,-0.2605450797737737
65,7.12871327996254,29.294117647058822,act,5.0,5.46658182144165,,5.0,5.0,5.0,5.0,5.0,5.0,5.0,5.0,5.0,5.0,5.0,5.0,5.0,5.0,5.0,5.0,5.0,5.0,5.0,5.0,5.0,5.0,5.0,5.0,5.0,5.0,5.0,5.0,5.0,5.0,5.0,5.0,5.0,5.0,5.0,5.0,5.0,5.0,5.0,5.0,5.0,5.0,5.0,5.0,5.0,5.0,5.0,5.0,5.0,5.0,5.0,5.0,5.0,5.0,5.0,5.0,5.0,5.0,5.0,5.0,5.0,5.0,5.0,5.0,5.0,5.0,5.0,5.0,5.0,EleutherAI/pythia-2.8b-deduped,32.0,1.0,1000.0,0.1,0.1,32.0,1.0,0.9,0.0005,72000.0,0.0,0.0,0.05,../../model_ckpts/72000/EleutherAI/pythia-2.8b-deduped,../../model_ckpts/72000/EleutherAI_edit/localization_results_72000.csv,mem,1.0,-0.8085106285040184,0.24603836530442022,-0.5624722631995982
66,48.11881482601166,22.33333333333333,BASE_STATS,0.1,6.889187812805176,,,,,,,,,,,,,,,,,,,,,,,,,,,,,,,,,,,,,,,,,,,,,,,,,,,,,,,,,,,,,,,,,,,,,,,,,,,,,,,,,,,,,,,,,,,
67,4.95049506425857,31.294117647058822,greedy,0.001,7629.929848909378,,,,,,,243.0,243.0,243.0,243.0,243.0,243.0,243.0,243.0,243.0,243.0,243.0,243.0,243.0,243.0,243.0,243.0,243.0,243.0,243.0,243.0,243.0,243.0,243.0,243.0,243.0,243.0,243.0,243.0,243.0,243.0,243.0,243.0,243.0,243.0,243.0,243.0,243.0,243.0,243.0,243.0,243.0,243.0,243.0,243.0,243.0,243.0,243.0,243.0,243.0,243.0,243.0,243.0,243.0,243.0,243.0,243.0,243.0,243.0,243.0,243.0,243.0,243.0,243.0,243.0,EleutherAI/pythia-2.8b-deduped,32.0,1.0,1000.0,0.1,0.1,32.0,1.0,0.9,0.0005,108000.0,0.0,0.0,0.05,../../model_ckpts/108000/EleutherAI/pythia-2.8b-deduped,../../model_ckpts/108000/EleutherAI_edit/localization_results_108000.csv,mem,1.0,-0.8971193475533717,0.40122914837576845,-0.4958901991776033
68,6.53465390205383,36.549019607843135,durable,0.01,4.419891357421875,,,,,,,35.0,35.0,35.0,35.0,35.0,35.0,35.0,35.0,35.0,35.0,35.0,35.0,35.0,35.0,35.0,35.0,35.0,35.0,35.0,35.0,35.0,35.0,35.0,35.0,35.0,35.0,35.0,35.0,35.0,35.0,35.0,35.0,35.0,35.0,35.0,35.0,35.0,35.0,35.0,35.0,35.0,35.0,35.0,35.0,35.0,35.0,35.0,35.0,35.0,35.0,35.0,35.0,35.0,35.0,35.0,35.0,35.0,35.0,35.0,35.0,35.0,35.0,35.0,35.0,EleutherAI/pythia-2.8b-deduped,32.0,1.0,1000.0,0.1,0.1,32.0,1.0,0.9,0.0005,108000.0,0.0,0.0,0.05,../../model_ckpts/108000/EleutherAI/pythia-2.8b-deduped,../../model_ckpts/108000/EleutherAI_edit/localization_results_108000.csv,mem,1.0,-0.8641975300995696,0.6365232660228273,-0.2276742640767423
69,4.15841601788997,50.70588235294117,durable_agg,0.01,166.99669337272644,,,,,,,47.0,47.0,47.0,47.0,47.0,47.0,47.0,47.0,47.0,47.0,47.0,47.0,47.0,47.0,47.0,47.0,47.0,47.0,47.0,47.0,47.0,47.0,47.0,47.0,47.0,47.0,47.0,47.0,47.0,47.0,47.0,47.0,47.0,47.0,47.0,47.0,47.0,47.0,47.0,47.0,47.0,47.0,47.0,47.0,47.0,47.0,47.0,47.0,47.0,47.0,47.0,47.0,47.0,47.0,47.0,47.0,47.0,47.0,47.0,47.0,47.0,47.0,47.0,47.0,EleutherAI/pythia-2.8b-deduped,32.0,1.0,1000.0,0.1,0.1,32.0,1.0,0.9,0.0005,108000.0,0.0,0.0,0.05,../../model_ckpts/108000/EleutherAI/pythia-2.8b-deduped,../../model_ckpts/108000/EleutherAI_edit/localization_results_108000.csv,mem,1.0,-0.9135802485384148,1.2704126426690079,0.3568323941305931
70,5.7425744831562,39.3921568627451,random,10.0,36.595749855041504,,,,,,,78.0,78.0,78.0,78.0,78.0,78.0,78.0,78.0,78.0,78.0,78.0,78.0,78.0,78.0,78.0,78.0,78.0,78.0,78.0,78.0,78.0,78.0,78.0,78.0,78.0,78.0,78.0,78.0,78.0,78.0,78.0,78.0,78.0,78.0,78.0,78.0,78.0,78.0,78.0,78.0,78.0,78.0,78.0,78.0,78.0,78.0,78.0,78.0,78.0,78.0,78.0,78.0,78.0,78.0,78.0,78.0,78.0,78.0,78.0,78.0,78.0,78.0,78.0,78.0,EleutherAI/pythia-2.8b-deduped,32.0,1.0,1000.0,0.1,0.1,32.0,1.0,0.9,0.0005,108000.0,0.0,0.0,0.05,../../model_ckpts/108000/EleutherAI/pythia-2.8b-deduped,../../model_ckpts/108000/EleutherAI_edit/localization_results_108000.csv,mem,1.0,-0.8806584388264708,0.7638279192273928,-0.11683051959907798
71,2.77227722108364,24.862745098039216,random_greedy,0.1,604.8213262557983,,,,,,,,,,,,,,,,,,,,,,,,,,,,,,,,,,,,,,,,,,,,,,,,,,,,,,,,,,,,,,,,,,,,,,,EleutherAI/pythia-2.8b-deduped,32.0,10.0,1000.0,0.1,0.1,32.0,1.0,0.9,0.0005,108000.0,0.0,0.0,0.7,../../model_ckpts/108000/EleutherAI/pythia-2.8b-deduped,../../model_ckpts/108000/EleutherAI_edit/localization_results_108000.csv,mem,1.0,-0.9423868349395624,0.11325724319578603,-0.8291295917437764
72,2.37623769789934,42.8235294117647,hc,5.0,2.10014271736145,,,,,,,15.0,15.0,15.0,15.0,15.0,15.0,15.0,15.0,15.0,15.0,15.0,15.0,15.0,15.0,15.0,15.0,15.0,15.0,15.0,15.0,15.0,15.0,15.0,15.0,15.0,15.0,15.0,15.0,15.0,15.0,15.0,15.0,15.0,15.0,15.0,15.0,15.0,15.0,15.0,15.0,15.0,15.0,15.0,15.0,15.0,15.0,15.0,15.0,15.0,15.0,15.0,15.0,15.0,15.0,15.0,15.0,15.0,15.0,15.0,15.0,15.0,15.0,15.0,15.0,EleutherAI/pythia-2.8b-deduped,32.0,1.0,1000.0,0.1,0.1,32.0,1.0,0.9,0.0005,108000.0,0.0,0.0,0.05,../../model_ckpts/108000/EleutherAI/pythia-2.8b-deduped,../../model_ckpts/108000/EleutherAI_edit/localization_results_108000.csv,mem,1.0,-0.9506172854320839,0.9174714661984199,-0.033145819233664
73,29.702970385551453,23.37254901960784,slim,5.0,2.227431297302246,,,,,,,28.0,28.0,28.0,28.0,28.0,28.0,28.0,28.0,28.0,28.0,28.0,28.0,28.0,28.0,28.0,28.0,28.0,28.0,28.0,28.0,28.0,28.0,28.0,28.0,28.0,28.0,28.0,28.0,28.0,28.0,28.0,28.0,28.0,28.0,28.0,28.0,28.0,28.0,28.0,28.0,28.0,28.0,28.0,28.0,28.0,28.0,28.0,28.0,28.0,28.0,28.0,28.0,28.0,28.0,28.0,28.0,28.0,28.0,28.0,28.0,28.0,28.0,28.0,28.0,EleutherAI/pythia-2.8b-deduped,32.0,1.0,1000.0,0.1,0.1,32.0,1.0,0.9,0.0005,108000.0,0.0,0.0,0.05,../../model_ckpts/108000/EleutherAI/pythia-2.8b-deduped,../../model_ckpts/108000/EleutherAI_edit/localization_results_108000.csv,mem,1.0,-0.38271608532022955,0.04653204565408253,-0.336184039666147
74,29.702970385551453,23.37254901960784,slim,5.0,15.885572910308838,,,,,,,30.0,30.0,30.0,30.0,30.0,30.0,30.0,30.0,30.0,30.0,30.0,30.0,30.0,30.0,30.0,30.0,30.0,30.0,30.0,30.0,30.0,30.0,30.0,30.0,30.0,30.0,30.0,30.0,30.0,30.0,30.0,30.0,30.0,30.0,30.0,30.0,30.0,30.0,30.0,30.0,30.0,30.0,30.0,30.0,30.0,30.0,30.0,30.0,30.0,30.0,30.0,30.0,30.0,30.0,30.0,30.0,30.0,30.0,30.0,30.0,30.0,30.0,30.0,30.0,EleutherAI/pythia-2.8b-deduped,32.0,10.0,1000.0,0.1,0.1,32.0,1.0,0.9,0.0005,108000.0,0.0,0.0,0.05,../../model_ckpts/108000/EleutherAI/pythia-2.8b-deduped,../../model_ckpts/108000/EleutherAI_edit/localization_results_108000.csv,mem,1.0,-0.38271608532022955,0.04653204565408253,-0.336184039666147
75,29.702970385551453,23.37254901960784,slim,5.0,30.88810563087464,,,,,,,31.0,31.0,31.0,31.0,31.0,31.0,31.0,31.0,31.0,31.0,31.0,31.0,31.0,31.0,31.0,31.0,31.0,31.0,31.0,31.0,31.0,31.0,31.0,31.0,31.0,31.0,31.0,31.0,31.0,31.0,31.0,31.0,31.0,31.0,31.0,31.0,31.0,31.0,31.0,31.0,31.0,31.0,31.0,31.0,31.0,31.0,31.0,31.0,31.0,31.0,31.0,31.0,31.0,31.0,31.0,31.0,31.0,31.0,31.0,31.0,31.0,31.0,31.0,31.0,EleutherAI/pythia-2.8b-deduped,32.0,20.0,1000.0,0.1,0.1,32.0,1.0,0.9,0.0005,108000.0,0.0,0.0,0.05,../../model_ckpts/108000/EleutherAI/pythia-2.8b-deduped,../../model_ckpts/108000/EleutherAI_edit/localization_results_108000.csv,mem,1.0,-0.38271608532022955,0.04653204565408253,-0.336184039666147
76,15.841585397720332,24.215686274509803,act,1.0,6.889187812805176,,,,,,,2.0,2.0,2.0,2.0,2.0,2.0,2.0,2.0,2.0,2.0,2.0,2.0,2.0,2.0,2.0,2.0,2.0,2.0,2.0,2.0,2.0,2.0,2.0,2.0,2.0,2.0,2.0,2.0,2.0,2.0,2.0,2.0,2.0,2.0,2.0,2.0,2.0,2.0,2.0,2.0,2.0,2.0,2.0,2.0,2.0,2.0,2.0,2.0,2.0,2.0,2.0,2.0,2.0,2.0,2.0,2.0,2.0,2.0,2.0,2.0,2.0,2.0,2.0,2.0,EleutherAI/pythia-2.8b-deduped,32.0,1.0,1000.0,0.1,0.1,32.0,1.0,0.9,0.0005,108000.0,0.0,0.0,0.05,../../model_ckpts/108000/EleutherAI/pythia-2.8b-deduped,../../model_ckpts/108000/EleutherAI_edit/localization_results_108000.csv,mem,1.0,-0.6707818873968437,0.08428446005267798,-0.5864974273441658
77,53.46534848213196,21.980392156862745,BASE_STATS,1.0,2.4842891693115234,,,,,,,,,,,,,,,,,,,,,,,,,,,,,,,,,,,,,,,,,,,,,,,,,,,,,,,,,,,,,,,,,,,,,,,,,,,,,,,,,,,,,,,,,,,
78,4.35643568634986,32.35294117647059,greedy,0.001,7545.783458471298,,,,,,,,244.0,244.0,244.0,244.0,244.0,244.0,244.0,244.0,244.0,244.0,244.0,244.0,244.0,244.0,244.0,244.0,244.0,244.0,244.0,244.0,244.0,244.0,244.0,244.0,244.0,244.0,244.0,244.0,244.0,244.0,244.0,244.0,244.0,244.0,244.0,244.0,244.0,244.0,244.0,244.0,244.0,244.0,244.0,244.0,244.0,244.0,244.0,244.0,244.0,244.0,244.0,244.0,244.0,244.0,244.0,244.0,244.0,244.0,244.0,244.0,244.0,244.0,244.0,EleutherAI/pythia-2.8b-deduped,32.0,1.0,1000.0,0.1,0.1,32.0,1.0,0.9,0.0005,143000.0,0.0,0.0,0.05,../../model_ckpts/143000/EleutherAI/pythia-2.8b-deduped,../../model_ckpts/143000/EleutherAI_edit/localization_results_143000.csv,mem,1.0,-0.918518520686239,0.47190008920606596,-0.446618431480173
79,6.9306932389736104,35.490196078431374,durable,0.01,4.504877090454102,,,,,,,,35.0,35.0,35.0,35.0,35.0,35.0,35.0,35.0,35.0,35.0,35.0,35.0,35.0,35.0,35.0,35.0,35.0,35.0,35.0,35.0,35.0,35.0,35.0,35.0,35.0,35.0,35.0,35.0,35.0,35.0,35.0,35.0,35.0,35.0,35.0,35.0,35.0,35.0,35.0,35.0,35.0,35.0,35.0,35.0,35.0,35.0,35.0,35.0,35.0,35.0,35.0,35.0,35.0,35.0,35.0,35.0,35.0,35.0,35.0,35.0,35.0,35.0,35.0,EleutherAI/pythia-2.8b-deduped,32.0,1.0,1000.0,0.1,0.1,32.0,1.0,0.9,0.0005,143000.0,0.0,0.0,0.05,../../model_ckpts/143000/EleutherAI/pythia-2.8b-deduped,../../model_ckpts/143000/EleutherAI_edit/localization_results_143000.csv,mem,1.0,-0.8703703719187421,0.6146297948260483,-0.2557405770926938
80,4.95049506425857,48.0,durable_agg,0.01,231.4293804168701,,,,,,,,48.0,48.0,48.0,48.0,48.0,48.0,48.0,48.0,48.0,48.0,48.0,48.0,48.0,48.0,48.0,48.0,48.0,48.0,48.0,48.0,48.0,48.0,48.0,48.0,48.0,48.0,48.0,48.0,48.0,48.0,48.0,48.0,48.0,48.0,48.0,48.0,48.0,48.0,48.0,48.0,48.0,48.0,48.0,48.0,48.0,48.0,48.0,48.0,48.0,48.0,48.0,48.0,48.0,48.0,48.0,48.0,48.0,48.0,48.0,48.0,48.0,48.0,48.0,EleutherAI/pythia-2.8b-deduped,32.0,1.0,1000.0,0.1,0.1,32.0,1.0,0.9,0.0005,143000.0,0.0,0.0,0.05,../../model_ckpts/143000/EleutherAI/pythia-2.8b-deduped,../../model_ckpts/143000/EleutherAI_edit/localization_results_143000.csv,mem,1.0,-0.9074074105041509,1.183764495985727,0.2763570854815761
81,9.900990128517149,30.07843137254902,random,0.1,172.53571963310242,,,,,,,,72.0,72.0,72.0,72.0,72.0,72.0,72.0,72.0,72.0,72.0,72.0,72.0,72.0,72.0,72.0,72.0,72.0,72.0,72.0,72.0,72.0,72.0,72.0,72.0,72.0,72.0,72.0,72.0,72.0,72.0,72.0,72.0,72.0,72.0,72.0,72.0,72.0,72.0,72.0,72.0,72.0,72.0,72.0,72.0,72.0,72.0,72.0,72.0,72.0,72.0,72.0,72.0,72.0,72.0,72.0,72.0,72.0,72.0,72.0,72.0,72.0,72.0,72.0,EleutherAI/pythia-2.8b-deduped,32.0,20.0,1000.0,0.1,0.1,32.0,1.0,0.9,0.0005,143000.0,0.0,0.0,0.05,../../model_ckpts/143000/EleutherAI/pythia-2.8b-deduped,../../model_ckpts/143000/EleutherAI_edit/localization_results_143000.csv,mem,1.0,-0.8148148210083014,0.3684210526315789,-0.44639376837672246
82,9.10891145467758,23.01960784313725,random_greedy,1.0,88.97024726867676,,,,,,,,,,,,,,,,,,,,,,,,,,,,,,,,,,,,,,,,,,,,,,,,,,,,,,,,,,,,,,,,,,,,,,,EleutherAI/pythia-2.8b-deduped,32.0,1.0,1000.0,0.1,0.1,32.0,1.0,0.9,0.0005,143000.0,0.0,0.0,0.7,../../model_ckpts/143000/EleutherAI/pythia-2.8b-deduped,../../model_ckpts/143000/EleutherAI_edit/localization_results_143000.csv,mem,1.0,-0.829629625294189,0.047279214986618925,-0.7823504103075701
83,8.71287137269973,31.745098039215687,hc,5.0,18.236756801605225,,,,,,,,17.0,17.0,17.0,17.0,17.0,17.0,17.0,17.0,17.0,17.0,17.0,17.0,17.0,17.0,17.0,17.0,17.0,17.0,17.0,17.0,17.0,17.0,17.0,17.0,17.0,17.0,17.0,17.0,17.0,17.0,17.0,17.0,17.0,17.0,17.0,17.0,17.0,17.0,17.0,17.0,17.0,17.0,17.0,17.0,17.0,17.0,17.0,17.0,17.0,17.0,17.0,17.0,17.0,17.0,17.0,17.0,17.0,17.0,17.0,17.0,17.0,17.0,17.0,EleutherAI/pythia-2.8b-deduped,32.0,10.0,1000.0,0.1,0.1,32.0,1.0,0.9,0.0005,143000.0,0.0,0.0,0.05,../../model_ckpts/143000/EleutherAI/pythia-2.8b-deduped,../../model_ckpts/143000/EleutherAI_edit/localization_results_143000.csv,mem,1.0,-0.8370370413724777,0.4442462087421945,-0.3927908326302832
84,31.88118934631347,23.215686274509803,slim,5.0,1.98138427734375,,,,,,,,28.0,28.0,28.0,28.0,28.0,28.0,28.0,28.0,28.0,28.0,28.0,28.0,28.0,28.0,28.0,28.0,28.0,28.0,28.0,28.0,28.0,28.0,28.0,28.0,28.0,28.0,28.0,28.0,28.0,28.0,28.0,28.0,28.0,28.0,28.0,28.0,28.0,28.0,28.0,28.0,28.0,28.0,28.0,28.0,28.0,28.0,28.0,28.0,28.0,28.0,28.0,28.0,28.0,28.0,28.0,28.0,28.0,28.0,28.0,28.0,28.0,28.0,28.0,EleutherAI/pythia-2.8b-deduped,32.0,1.0,1000.0,0.1,0.1,32.0,1.0,0.9,0.0005,143000.0,0.0,0.0,0.05,../../model_ckpts/143000/EleutherAI/pythia-2.8b-deduped,../../model_ckpts/143000/EleutherAI_edit/localization_results_143000.csv,mem,1.0,-0.40370370246500653,0.05619982158786794,-0.34750388087713857
85,31.88118934631347,23.215686274509803,slim,5.0,17.367561101913452,,,,,,,,29.0,29.0,29.0,29.0,29.0,29.0,29.0,29.0,29.0,29.0,29.0,29.0,29.0,29.0,29.0,29.0,29.0,29.0,29.0,29.0,29.0,29.0,29.0,29.0,29.0,29.0,29.0,29.0,29.0,29.0,29.0,29.0,29.0,29.0,29.0,29.0,29.0,29.0,29.0,29.0,29.0,29.0,29.0,29.0,29.0,29.0,29.0,29.0,29.0,29.0,29.0,29.0,29.0,29.0,29.0,29.0,29.0,29.0,29.0,29.0,29.0,29.0,29.0,EleutherAI/pythia-2.8b-deduped,32.0,10.0,1000.0,0.1,0.1,32.0,1.0,0.9,0.0005,143000.0,0.0,0.0,0.05,../../model_ckpts/143000/EleutherAI/pythia-2.8b-deduped,../../model_ckpts/143000/EleutherAI_edit/localization_results_143000.csv,mem,1.0,-0.40370370246500653,0.05619982158786794,-0.34750388087713857
86,31.88118934631347,23.215686274509803,slim,5.0,34.42981672286987,,,,,,,,31.0,31.0,31.0,31.0,31.0,31.0,31.0,31.0,31.0,31.0,31.0,31.0,31.0,31.0,31.0,31.0,31.0,31.0,31.0,31.0,31.0,31.0,31.0,31.0,31.0,31.0,31.0,31.0,31.0,31.0,31.0,31.0,31.0,31.0,31.0,31.0,31.0,31.0,31.0,31.0,31.0,31.0,31.0,31.0,31.0,31.0,31.0,31.0,31.0,31.0,31.0,31.0,31.0,31.0,31.0,31.0,31.0,31.0,31.0,31.0,31.0,31.0,31.0,EleutherAI/pythia-2.8b-deduped,32.0,20.0,1000.0,0.1,0.1,32.0,1.0,0.9,0.0005,143000.0,0.0,0.0,0.05,../../model_ckpts/143000/EleutherAI/pythia-2.8b-deduped,../../model_ckpts/143000/EleutherAI_edit/localization_results_143000.csv,mem,1.0,-0.40370370246500653,0.05619982158786794,-0.34750388087713857
87,8.91089141368866,27.90196078431373,act,5.0,7.986577987670898,,,,,,,,4.0,4.0,4.0,4.0,4.0,4.0,4.0,4.0,4.0,4.0,4.0,4.0,4.0,4.0,4.0,4.0,4.0,4.0,4.0,4.0,4.0,4.0,4.0,4.0,4.0,4.0,4.0,4.0,4.0,4.0,4.0,4.0,4.0,4.0,4.0,4.0,4.0,4.0,4.0,4.0,4.0,4.0,4.0,4.0,4.0,4.0,4.0,4.0,4.0,4.0,4.0,4.0,4.0,4.0,4.0,4.0,4.0,4.0,4.0,4.0,4.0,4.0,4.0,EleutherAI/pythia-2.8b-deduped,32.0,1.0,1000.0,0.1,0.1,32.0,1.0,0.9,0.0005,143000.0,0.0,0.0,0.05,../../model_ckpts/143000/EleutherAI/pythia-2.8b-deduped,../../model_ckpts/143000/EleutherAI_edit/localization_results_143000.csv,mem,1.0,-0.8333333333333334,0.2694023193577165,-0.5639310139756168
