,avg_acc,avg_acc_perc_diff,localization_method,ratio,data_name,backdoor,avg_perc_mem,avg_perc_mem_perc_diff,wiki_perp,wiki_perp_perc_diff,duplicate,n_layers,epoch,seed,num_3,epochs,loss_weighting
2043,,,greedy,1.0,wiki_fast,1.0,0.0,-100.0,381.9288940429688,319.2064867401524,1.0,2.0,10,0.0,20000.0,5.0,0.05
2044,,,durable,0.001,wiki_fast,1.0,100.0,0.0,91.06285095214844,-0.049097055491396376,1.0,2.0,10,0.0,20000.0,5.0,0.05
2045,,,durable_agg,0.001,wiki_fast,1.0,100.0,0.0,91.12610626220705,0.020332193541395507,1.0,2.0,10,0.0,20000.0,5.0,0.05
2046,,,obs,0.001,wiki_fast,1.0,100.0,0.0,91.07476043701172,-0.036025163350500974,1.0,2.0,10,0.0,20000.0,5.0,0.05
2047,,,random,1.0,wiki_fast,1.0,78.97436022758484,-21.02563977241516,147.8382568359375,62.267786545129056,1.0,2.0,10,0.0,20000.0,20.0,0.05
2048,,,random_greedy,5.0,wiki_fast,1.0,0.0,-100.0,91.68504333496094,0.6338234748572915,1.0,2.0,10,0.0,20000.0,20.0,0.5
2049,,,hc,0.1,wiki_fast,1.0,100.0,0.0,90.99870300292967,-0.11950606838100104,1.0,2.0,10,0.0,20000.0,10.0,0.05
2050,,,slim,5.0,wiki_fast,1.0,99.48718547821044,-0.512814521789565,114.32575988769533,25.484352961855464,1.0,2.0,10,0.0,20000.0,20.0,0.05
2051,,,zero,0.1,wiki_fast,1.0,100.0,0.0,91.09420776367188,-0.014679709752075361,1.0,2.0,10,0.0,20000.0,5.0,0.05
2052,,,act,5.0,wiki_fast,1.0,99.48718547821044,-0.512814521789565,101.94342803955078,11.89346232050119,1.0,2.0,10,0.0,20000.0,5.0,0.05
2053,,,ig,5.0,wiki_fast,1.0,21.02564126253128,-78.97435873746872,116.54289245605467,27.917885404977,1.0,2.0,10,0.0,20000.0,5.0,0.05
2055,,,greedy,1.0,wiki_fast,1.0,0.5128205288201501,-99.48717947117984,370.1441955566406,312.8780783711569,1.0,2.0,20,0.0,20000.0,5.0,0.05
2056,,,durable,5.0,wiki_fast,1.0,99.48718547821044,-0.512814521789565,709.405517578125,691.3077940965092,1.0,2.0,20,0.0,20000.0,5.0,0.05
2057,,,durable_agg,5.0,wiki_fast,1.0,98.97436499595642,-1.025635004043579,1536.6400146484375,1614.0481574813416,1.0,2.0,20,0.0,20000.0,5.0,0.05
2058,,,obs,0.001,wiki_fast,1.0,100.0,0.0,89.62103271484375,-0.032040990681901214,1.0,2.0,20,0.0,20000.0,5.0,0.05
2059,,,random,25.0,wiki_fast,1.0,0.0,-100.0,1780.3160400390625,1885.8570641618924,1.0,2.0,20,0.0,20000.0,1.0,0.05
2060,,,random_greedy,10.0,wiki_fast,1.0,0.0,-100.0,95.37281036376952,6.383790815988277,1.0,2.0,20,0.0,20000.0,10.0,0.5
2061,,,hc,0.1,wiki_fast,1.0,100.0,0.0,89.53731536865234,-0.1254236708286481,1.0,2.0,20,0.0,20000.0,10.0,0.05
2062,,,slim,0.1,wiki_fast,1.0,100.0,0.0,89.62024688720703,-0.032917543680635826,1.0,2.0,20,0.0,20000.0,1.0,0.05
2063,,,zero,0.1,wiki_fast,1.0,100.0,0.0,89.65147399902344,0.0019148002399542558,1.0,2.0,20,0.0,20000.0,5.0,0.05
2064,,,act,5.0,wiki_fast,1.0,82.56410360336304,-17.435896396636963,101.52557373046876,13.246902938265238,1.0,2.0,20,0.0,20000.0,5.0,0.05
2065,,,ig,5.0,wiki_fast,1.0,0.0,-100.0,111.4014892578125,24.263012535644005,1.0,2.0,20,0.0,20000.0,5.0,0.05
2067,,,greedy,0.1,wiki_fast,1.0,95.38461565971376,-4.615384340286241,155.89581298828125,76.52378459850286,1.0,2.0,30,0.0,20000.0,5.0,0.05
2068,,,durable,0.001,wiki_fast,1.0,100.0,0.0,88.25556945800781,-0.06654550886062564,1.0,2.0,30,0.0,20000.0,5.0,0.05
2069,,,durable_agg,0.001,wiki_fast,1.0,100.0,0.0,88.45872497558594,0.16349133521840067,1.0,2.0,30,0.0,20000.0,5.0,0.05
2070,,,obs,0.001,wiki_fast,1.0,100.0,0.0,88.27887725830078,-0.0401536447078006,1.0,2.0,30,0.0,20000.0,5.0,0.05
2071,,,random,25.0,wiki_fast,1.0,96.4102566242218,-3.5897433757781982,2172.490966796875,2359.952708889445,1.0,2.0,30,0.0,20000.0,1.0,0.05
2072,,,random_greedy,25.0,wiki_fast,1.0,0.0,-100.0,98.89795684814452,11.984031496767694,1.0,2.0,30,0.0,20000.0,10.0,0.5
2073,,,hc,0.1,wiki_fast,1.0,100.0,0.0,88.20043182373047,-0.12897889748009098,1.0,2.0,30,0.0,20000.0,10.0,0.05
2074,,,slim,5.0,wiki_fast,1.0,98.97436499595642,-1.025635004043579,117.3743667602539,32.905220725397015,1.0,2.0,30,0.0,20000.0,10.0,0.05
2075,,,zero,0.1,wiki_fast,1.0,100.0,0.0,88.29385375976562,-0.023195468167049184,1.0,2.0,30,0.0,20000.0,5.0,0.05
2076,,,act,0.1,wiki_fast,1.0,100.0,0.0,88.25556945800781,-0.06654550886062564,1.0,2.0,30,0.0,20000.0,5.0,0.05
2077,,,ig,5.0,wiki_fast,1.0,0.5128205288201501,-99.48717947117984,127.17149353027344,43.99869310598722,1.0,2.0,30,0.0,20000.0,5.0,0.05
2079,,,greedy,0.1,wiki_fast,1.0,99.48718547821044,-0.512814521789565,156.1556854248047,79.04133165439023,1.0,2.0,50,0.0,20000.0,5.0,0.05
2080,,,durable,0.001,wiki_fast,1.0,100.0,0.0,87.18165588378906,-0.04129710163626972,1.0,2.0,50,0.0,20000.0,5.0,0.05
2081,,,durable_agg,0.001,wiki_fast,1.0,100.0,0.0,87.27627563476562,0.06718979827752335,1.0,2.0,50,0.0,20000.0,5.0,0.05
2082,,,obs,0.001,wiki_fast,1.0,100.0,0.0,87.18930053710938,-0.032532073921899406,1.0,2.0,50,0.0,20000.0,5.0,0.05
2083,,,random,25.0,wiki_fast,1.0,97.94871807098387,-2.0512819290161275,2756.76953125,3060.792299022157,1.0,2.0,50,0.0,20000.0,1.0,0.05
2084,,,random_greedy,5.0,wiki_fast,1.0,0.5128205288201501,-99.48717947117984,87.58316802978516,0.41905929908645145,1.0,2.0,50,0.0,20000.0,10.0,0.5
2085,,,hc,0.1,wiki_fast,1.0,100.0,0.0,87.12284851074219,-0.10872308329531802,1.0,2.0,50,0.0,20000.0,10.0,0.05
2086,,,slim,0.1,wiki_fast,1.0,100.0,0.0,87.18165588378906,-0.04129710163626972,1.0,2.0,50,0.0,20000.0,1.0,0.05
2087,,,zero,0.1,wiki_fast,1.0,100.0,0.0,87.20747375488281,-0.011695451151809493,1.0,2.0,50,0.0,20000.0,5.0,0.05
2088,,,act,0.1,wiki_fast,1.0,100.0,0.0,87.18165588378906,-0.04129710163626972,1.0,2.0,50,0.0,20000.0,5.0,0.05
2089,,,ig,5.0,wiki_fast,1.0,56.41025900840759,-43.58974099159241,135.80508422851562,55.70821555145102,1.0,2.0,50,0.0,20000.0,5.0,0.05
2091,,,greedy,1.0,wiki_fast,1.0,77.43589878082275,-22.564101219177246,298.2406311035156,303.27763828310236,1.0,4.0,10,0.0,20000.0,5.0,0.05
2092,,,durable,0.001,wiki_fast,1.0,100.0,0.0,74.23894500732422,0.38506926573462286,1.0,4.0,10,0.0,20000.0,5.0,0.05
2093,,,durable_agg,0.001,wiki_fast,1.0,100.0,0.0,74.2454605102539,0.3938794557613433,1.0,4.0,10,0.0,20000.0,5.0,0.05
2094,,,obs,0.001,wiki_fast,1.0,100.0,0.0,73.97920227050781,0.03384804856870004,1.0,4.0,10,0.0,20000.0,5.0,0.05
2095,,,random,25.0,wiki_fast,1.0,28.20512950420379,-71.7948704957962,774.3131713867188,947.0175907720378,1.0,4.0,10,0.0,20000.0,1.0,0.05
2096,,,random_greedy,10.0,wiki_fast,1.0,0.0,-100.0,76.3270492553711,3.208580423572066,1.0,4.0,10,0.0,20000.0,10.0,0.7
2097,,,hc,0.1,wiki_fast,1.0,100.0,0.0,73.79796600341797,-0.21121760024247624,1.0,4.0,10,0.0,20000.0,10.0,0.05
2098,,,slim,0.1,wiki_fast,1.0,100.0,0.0,73.8924560546875,-0.08344921209150094,1.0,4.0,10,0.0,20000.0,20.0,0.05
2099,,,zero,0.1,wiki_fast,1.0,100.0,0.0,74.10527801513672,0.20432625722391737,1.0,4.0,10,0.0,20000.0,5.0,0.05
2100,,,act,5.0,wiki_fast,1.0,89.74359035491943,-10.256409645080566,88.52114868164062,19.697304979377037,1.0,4.0,10,0.0,20000.0,5.0,0.05
2101,,,ig,5.0,wiki_fast,1.0,0.0,-100.0,168.37551879882812,127.67548913318768,1.0,4.0,10,0.0,20000.0,5.0,0.05
2103,,,greedy,1.0,wiki_fast,1.0,2.56410259753465,-97.43589740246534,301.3645324707031,315.97664828597465,1.0,4.0,20,0.0,20000.0,5.0,0.05
2104,,,durable,5.0,wiki_fast,1.0,98.4615445137024,-1.5384554862975932,187.22720336914065,158.43168699031602,1.0,4.0,20,0.0,20000.0,5.0,0.05
2105,,,durable_agg,0.001,wiki_fast,1.0,100.0,0.0,72.89785766601562,0.6216831507374707,1.0,4.0,20,0.0,20000.0,5.0,0.05
2106,,,obs,5.0,wiki_fast,1.0,99.48718547821044,-0.512814521789565,101.5146026611328,40.12167862243588,1.0,4.0,20,0.0,20000.0,5.0,0.05
2107,,,random,1.0,wiki_fast,1.0,11.79487183690071,-88.20512816309929,119.08767700195312,64.37797880628494,1.0,4.0,20,0.0,20000.0,20.0,0.05
2108,,,random_greedy,10.0,wiki_fast,1.0,0.0,-100.0,73.70651245117188,1.7378778946641233,1.0,4.0,20,0.0,20000.0,10.0,0.7
2109,,,hc,0.1,wiki_fast,1.0,100.0,0.0,72.28089904785156,-0.22991134849240202,1.0,4.0,20,0.0,20000.0,10.0,0.05
2110,,,slim,0.1,wiki_fast,1.0,100.0,0.0,72.3948974609375,-0.07255813444085059,1.0,4.0,20,0.0,20000.0,10.0,0.05
2111,,,zero,0.1,wiki_fast,1.0,100.0,0.0,72.4286117553711,-0.026021937620223774,1.0,4.0,20,0.0,20000.0,5.0,0.05
2112,,,act,1.0,wiki_fast,1.0,97.94871807098387,-2.0512819290161275,76.525146484375,5.62846823143707,1.0,4.0,20,0.0,20000.0,5.0,0.05
2113,,,ig,5.0,wiki_fast,1.0,5.12820519506931,-94.87179480493069,130.744384765625,80.46785569334932,1.0,4.0,20,0.0,20000.0,5.0,0.05
2115,,,greedy,1.0,wiki_fast,1.0,21.02564126253128,-78.97435873746872,314.902587890625,340.99540487684794,1.0,4.0,30,0.0,20000.0,5.0,0.05
2116,,,durable,0.001,wiki_fast,1.0,100.0,0.0,71.6357421875,0.3200175052310554,1.0,4.0,30,0.0,20000.0,5.0,0.05
2117,,,durable_agg,0.001,wiki_fast,1.0,100.0,0.0,71.67366790771484,0.37312938485523994,1.0,4.0,30,0.0,20000.0,5.0,0.05
2118,,,obs,0.001,wiki_fast,1.0,100.0,0.0,71.42247772216797,0.02135800590801548,1.0,4.0,30,0.0,20000.0,5.0,0.05
2119,,,random,1.0,wiki_fast,1.0,0.0,-100.0,125.46061706542967,75.69736720641127,1.0,4.0,30,0.0,20000.0,20.0,0.05
2120,,,random_greedy,10.0,wiki_fast,1.0,0.0,-100.0,78.40679168701172,9.802320383337209,1.0,4.0,30,0.0,20000.0,10.0,0.5
2121,,,hc,1.0,wiki_fast,1.0,98.97436499595642,-1.025635004043579,75.35106658935547,5.523026473242981,1.0,4.0,30,0.0,20000.0,10.0,0.05
2122,,,slim,0.1,wiki_fast,1.0,100.0,0.0,71.34033966064453,-0.09366965372464818,1.0,4.0,30,0.0,20000.0,20.0,0.05
2123,,,zero,0.1,wiki_fast,1.0,100.0,0.0,71.384765625,-0.0314547120526251,1.0,4.0,30,0.0,20000.0,5.0,0.05
2124,,,act,5.0,wiki_fast,1.0,71.79487347602844,-28.205126523971558,85.33948516845703,19.51099248164002,1.0,4.0,30,0.0,20000.0,5.0,0.05
2125,,,ig,1.0,wiki_fast,1.0,98.4615445137024,-1.5384554862975932,89.95648193359375,25.976720094090616,1.0,4.0,30,0.0,20000.0,5.0,0.05
2127,,,greedy,1.0,wiki_fast,1.0,74.87179636955261,-25.128203630447388,306.48455810546875,333.77641904063836,1.0,4.0,50,0.0,20000.0,5.0,0.05
2128,,,durable,0.001,wiki_fast,1.0,100.0,0.0,70.93173217773438,0.39172273670977736,1.0,4.0,50,0.0,20000.0,5.0,0.05
2129,,,durable_agg,0.001,wiki_fast,1.0,100.0,0.0,71.06355285644531,0.5782923385200576,1.0,4.0,50,0.0,20000.0,5.0,0.05
2130,,,obs,0.01,wiki_fast,1.0,100.0,0.0,70.67752838134766,0.03194078493777108,1.0,4.0,50,0.0,20000.0,5.0,0.05
2131,,,random,25.0,wiki_fast,1.0,98.4615445137024,-1.5384554862975932,672.4015502929688,851.6692731484576,1.0,4.0,50,0.0,20000.0,1.0,0.05
2132,,,random_greedy,25.0,wiki_fast,1.0,2.0512821152806198,-97.94871788471939,82.65861511230469,16.989117781050563,1.0,4.0,50,0.0,20000.0,20.0,0.5
2133,,,hc,0.1,wiki_fast,1.0,100.0,0.0,70.46733856201172,-0.2655469179140184,1.0,4.0,50,0.0,20000.0,10.0,0.05
2134,,,slim,0.1,wiki_fast,1.0,100.0,0.0,70.5675277709961,-0.1237462459049549,1.0,4.0,50,0.0,20000.0,20.0,0.05
2135,,,zero,0.1,wiki_fast,1.0,100.0,0.0,70.63396453857422,-0.029716375979968224,1.0,4.0,50,0.0,20000.0,5.0,0.05
2136,,,act,5.0,wiki_fast,1.0,97.43589758872986,-2.5641024112701416,88.90840148925781,25.83462037707619,1.0,4.0,50,0.0,20000.0,5.0,0.05
2137,,,ig,5.0,wiki_fast,1.0,99.48718547821044,-0.512814521789565,147.08270263671875,108.17038367923072,1.0,4.0,50,0.0,20000.0,5.0,0.05
2139,,,greedy,0.1,wiki_fast,1.0,98.97436499595642,-1.025635004043579,92.57041931152344,41.75296032540097,1.0,8.0,10,0.0,20000.0,5.0,0.05
2140,,,durable,1.0,wiki_fast,1.0,98.97436499595642,-1.025635004043579,98.3562240600586,50.6127554637333,1.0,8.0,10,0.0,20000.0,5.0,0.05
2141,,,durable_agg,0.001,wiki_fast,1.0,100.0,0.0,65.51789093017578,0.3274594919441857,1.0,8.0,10,0.0,20000.0,5.0,0.05
2142,,,obs,0.001,wiki_fast,1.0,100.0,0.0,65.32109069824219,0.026099557779560845,1.0,8.0,10,0.0,20000.0,5.0,0.05
2143,,,random,1.0,wiki_fast,1.0,97.94871807098387,-2.0512819290161275,105.43930053710938,61.45906107950762,1.0,8.0,10,0.0,20000.0,20.0,0.05
2144,,,random_greedy,5.0,wiki_fast,1.0,5.12820519506931,-94.87179480493069,64.2967529296875,-1.5424675087376272,1.0,8.0,10,0.0,20000.0,10.0,0.5
2145,,,hc,5.0,wiki_fast,1.0,1.53846163302659,-98.46153836697341,93.91373443603516,43.8099769940693,1.0,8.0,10,0.0,20000.0,1.0,0.05
2146,,,slim,5.0,wiki_fast,1.0,0.5128205288201501,-99.48717947117984,102.95745086669922,57.65860797062269,1.0,8.0,10,0.0,20000.0,20.0,0.05
2147,,,zero,0.1,wiki_fast,1.0,100.0,0.0,65.3809585571289,0.11777513069639789,1.0,8.0,10,0.0,20000.0,5.0,0.05
2148,,,act,5.0,wiki_fast,1.0,0.0,-100.0,82.07280731201172,25.677980992418746,1.0,8.0,10,0.0,20000.0,5.0,0.05
2150,,,greedy,1.0,wiki_fast,1.0,98.4615445137024,-1.5384554862975932,239.4535675048828,278.41647389553776,1.0,8.0,20,0.0,20000.0,5.0,0.05
2151,,,durable,0.001,wiki_fast,1.0,100.0,0.0,63.39356994628906,0.18297683635750703,1.0,8.0,20,0.0,20000.0,5.0,0.05
2152,,,durable_agg,0.001,wiki_fast,1.0,100.0,0.0,63.51615905761719,0.37670850521573207,1.0,8.0,20,0.0,20000.0,5.0,0.05
2153,,,obs,0.001,wiki_fast,1.0,100.0,0.0,63.28977584838867,0.018947555240894986,1.0,8.0,20,0.0,20000.0,5.0,0.05
2154,,,random,1.0,wiki_fast,1.0,0.0,-100.0,87.6862564086914,38.5735209754199,1.0,8.0,20,0.0,20000.0,20.0,0.05
2155,,,random_greedy,10.0,wiki_fast,1.0,3.5897437483072197,-96.41025625169279,66.59898376464844,5.24859940009255,1.0,8.0,20,0.0,20000.0,10.0,0.7
2156,,,hc,0.1,wiki_fast,1.0,100.0,0.0,63.244510650634766,-0.052586549273409784,1.0,8.0,20,0.0,20000.0,10.0,0.05
2157,,,slim,5.0,wiki_fast,1.0,97.94871807098387,-2.0512819290161275,114.08828735351562,80.2975326822721,1.0,8.0,20,0.0,20000.0,10.0,0.05
2158,,,zero,0.1,wiki_fast,1.0,100.0,0.0,63.361663818359375,0.13255451627006012,1.0,8.0,20,0.0,20000.0,5.0,0.05
2159,,,act,5.0,wiki_fast,1.0,31.794872879981988,-68.205127120018,80.91333770751953,27.870051239783812,1.0,8.0,20,0.0,20000.0,5.0,0.05
2161,,,greedy,1.0,wiki_fast,1.0,94.35897469520567,-5.641025304794325,241.0631103515625,285.5345171402435,1.0,8.0,30,0.0,20000.0,5.0,0.05
2162,,,durable,0.001,wiki_fast,1.0,100.0,0.0,62.6494369506836,0.1958382958920316,1.0,8.0,30,0.0,20000.0,5.0,0.05
2163,,,durable_agg,0.001,wiki_fast,1.0,100.0,0.0,62.90449523925781,0.603755434207667,1.0,8.0,30,0.0,20000.0,5.0,0.05
2164,,,obs,0.001,wiki_fast,1.0,100.0,0.0,62.53914260864258,0.01944350931488687,1.0,8.0,30,0.0,20000.0,5.0,0.05
2165,,,random,1.0,wiki_fast,1.0,4.10256423056125,-95.89743576943874,160.6333465576172,156.90243360502186,1.0,8.0,30,0.0,20000.0,10.0,0.05
2166,,,random_greedy,10.0,wiki_fast,1.0,0.5128205288201501,-99.48717947117984,68.2553482055664,9.161425297695564,1.0,8.0,30,0.0,20000.0,10.0,0.5
2167,,,hc,0.1,wiki_fast,1.0,100.0,0.0,62.49795150756836,-0.04643380903533228,1.0,8.0,30,0.0,20000.0,10.0,0.05
2168,,,slim,5.0,wiki_fast,1.0,96.92307710647584,-3.0769228935241557,171.10989379882812,173.657674902816,1.0,8.0,30,0.0,20000.0,20.0,0.05
2169,,,zero,0.1,wiki_fast,1.0,100.0,0.0,62.62713241577149,0.16016644180852252,1.0,8.0,30,0.0,20000.0,5.0,0.05
2170,,,act,5.0,wiki_fast,1.0,6.15384653210639,-93.84615346789361,95.8976058959961,53.36995001059723,1.0,8.0,30,0.0,20000.0,5.0,0.05
2172,,,greedy,0.1,wiki_fast,1.0,98.4615445137024,-1.5384554862975932,95.4956512451172,54.506847714582186,1.0,8.0,50,0.0,20000.0,5.0,0.05
2173,,,durable,5.0,wiki_fast,1.0,98.4615445137024,-1.5384554862975932,269.75946044921875,336.45635515079465,1.0,8.0,50,0.0,20000.0,5.0,0.05
2174,,,durable_agg,5.0,wiki_fast,1.0,95.89743614196776,-4.102563858032241,3461.095703125,5499.867425959589,1.0,8.0,50,0.0,20000.0,5.0,0.05
2175,,,obs,0.001,wiki_fast,1.0,100.0,0.0,61.80815124511719,0.0022774590740912985,1.0,8.0,50,0.0,20000.0,5.0,0.05
2176,,,random,1.0,wiki_fast,1.0,0.5128205288201501,-99.48717947117984,136.9475860595703,121.57385753487459,1.0,8.0,50,0.0,20000.0,20.0,0.05
2177,,,random_greedy,5.0,wiki_fast,1.0,6.66666701436042,-93.33333298563959,60.83948516845703,-1.5649723584977338,1.0,8.0,50,0.0,20000.0,10.0,0.5
2178,,,hc,1.0,wiki_fast,1.0,98.4615445137024,-1.5384554862975932,72.59782409667969,17.45939009645996,1.0,8.0,50,0.0,20000.0,10.0,0.05
2179,,,slim,1.0,wiki_fast,1.0,97.94871807098387,-2.0512819290161275,78.65760803222656,27.263795862640702,1.0,8.0,50,0.0,20000.0,10.0,0.05
2180,,,zero,5.0,wiki_fast,1.0,98.4615445137024,-1.5384554862975932,85.05249786376953,37.61038501587463,1.0,8.0,50,0.0,20000.0,5.0,0.05
2181,,,act,5.0,wiki_fast,1.0,86.15384697914124,-13.846153020858765,195.4358673095703,216.2047631976439,1.0,8.0,50,0.0,20000.0,5.0,0.05
2183,,,greedy,0.001,wiki_fast,1.0,97.94871807098387,-1.0362753274693413,59.635250091552734,2.7712499938368897,1.0,16.0,10,0.0,20000.0,5.0,0.05
2184,,,durable,0.01,wiki_fast,1.0,98.4615445137024,-0.5181346526193579,59.05298614501953,1.7678167304617074,1.0,16.0,10,0.0,20000.0,5.0,0.05
2185,,,durable_agg,0.01,wiki_fast,1.0,97.94871807098387,-1.0362753274693413,61.10612487792969,5.306053489224418,1.0,16.0,10,0.0,20000.0,5.0,0.05
2186,,,obs,0.1,wiki_fast,1.0,96.4102566242218,-2.5906792853274436,57.93974685668945,-0.15066257545701517,1.0,16.0,10,0.0,20000.0,5.0,0.05
2187,,,random,1.0,wiki_fast,1.0,0.0,-100.0,66.73639678955078,15.008873235501488,1.0,16.0,10,0.0,20000.0,20.0,0.05
2188,,,random_greedy,1.0,wiki_fast,1.0,0.0,-100.0,56.953369140625,-1.8505174547504433,1.0,16.0,10,0.0,20000.0,1.0,0.5
2189,,,hc,1.0,wiki_fast,1.0,98.4615445137024,-0.5181346526193579,60.01802444458008,3.4308967407828628,1.0,16.0,10,0.0,20000.0,1.0,0.05
2190,,,slim,1.0,wiki_fast,1.0,94.35897469520567,-4.663217895804946,60.32265090942383,3.9558688424363844,1.0,16.0,10,0.0,20000.0,20.0,0.05
2191,,,zero,1.0,wiki_fast,1.0,98.4615445137024,-0.5181346526193579,60.35688018798828,4.014857204840425,1.0,16.0,10,0.0,20000.0,5.0,0.05
2192,,,act,1.0,wiki_fast,1.0,97.94871807098387,-1.0362753274693413,59.154293060302734,1.9424020353055835,1.0,16.0,10,0.0,20000.0,5.0,0.05
2194,,,greedy,0.1,wiki_fast,1.0,96.4102566242218,-3.5897433757781982,76.49763488769531,35.58603782798067,1.0,16.0,20,0.0,20000.0,5.0,0.05
2195,,,durable,0.1,wiki_fast,1.0,99.48718547821044,-0.512814521789565,69.14657592773438,22.55686431582938,1.0,16.0,20,0.0,20000.0,5.0,0.05
2196,,,durable_agg,1.0,wiki_fast,1.0,98.4615445137024,-1.5384554862975932,859.366943359375,1423.1602788961825,1.0,16.0,20,0.0,20000.0,5.0,0.05
2197,,,obs,5.0,wiki_fast,1.0,95.89743614196776,-4.102563858032241,83.44105529785156,47.89270408987379,1.0,16.0,20,0.0,20000.0,5.0,0.05
2198,,,random,1.0,wiki_fast,1.0,0.0,-100.0,78.9678955078125,39.964380379039774,1.0,16.0,20,0.0,20000.0,20.0,0.05
2199,,,random_greedy,5.0,wiki_fast,1.0,0.0,-100.0,54.99161148071289,-2.531696236207809,1.0,16.0,20,0.0,20000.0,20.0,0.5
2200,,,hc,1.0,wiki_fast,1.0,97.94871807098387,-2.0512819290161275,60.64278793334961,7.48456930461145,1.0,16.0,20,0.0,20000.0,20.0,0.05
2201,,,slim,1.0,wiki_fast,1.0,97.94871807098387,-2.0512819290161275,60.32999420166016,6.930167030613536,1.0,16.0,20,0.0,20000.0,10.0,0.05
2202,,,zero,0.1,wiki_fast,1.0,100.0,0.0,56.22389602661133,-0.3475688537036407,1.0,16.0,20,0.0,20000.0,5.0,0.05
2203,,,act,1.0,wiki_fast,1.0,98.97436499595642,-1.025635004043579,58.40199279785156,3.512936267166224,1.0,16.0,20,0.0,20000.0,5.0,0.05
2205,,,greedy,0.01,wiki_fast,1.0,98.4615445137024,-1.5384554862975932,62.51909255981445,12.365932584848958,1.0,16.0,30,0.0,20000.0,5.0,0.05
2206,,,durable,0.1,wiki_fast,1.0,97.94871807098387,-2.0512819290161275,68.3648681640625,22.87257944356082,1.0,16.0,30,0.0,20000.0,5.0,0.05
2207,,,durable_agg,1.0,wiki_fast,1.0,98.4615445137024,-1.5384554862975932,1450.0927734375,2506.260266269264,1.0,16.0,30,0.0,20000.0,5.0,0.05
2208,,,obs,5.0,wiki_fast,1.0,98.97436499595642,-1.025635004043579,84.71981048583984,52.267413423271734,1.0,16.0,30,0.0,20000.0,5.0,0.05
2209,,,random,1.0,wiki_fast,1.0,0.0,-100.0,117.80172729492188,111.72573698083819,1.0,16.0,30,0.0,20000.0,20.0,0.05
2210,,,random_greedy,5.0,wiki_fast,1.0,0.0,-100.0,54.18150329589844,-2.619265612853865,1.0,16.0,30,0.0,20000.0,10.0,0.7
2211,,,hc,1.0,wiki_fast,1.0,98.4615445137024,-1.5384554862975932,57.730716705322266,3.7597565124433325,1.0,16.0,30,0.0,20000.0,20.0,0.05
2212,,,slim,1.0,wiki_fast,1.0,98.4615445137024,-1.5384554862975932,59.9178466796875,7.690698072714689,1.0,16.0,30,0.0,20000.0,10.0,0.05
2213,,,zero,0.1,wiki_fast,1.0,100.0,0.0,55.44009780883789,-0.3571862959266341,1.0,16.0,30,0.0,20000.0,5.0,0.05
2214,,,act,5.0,wiki_fast,1.0,96.4102566242218,-3.5897433757781982,63.05958938598633,13.337370707912687,1.0,16.0,30,0.0,20000.0,5.0,0.05
2216,,,greedy,0.01,wiki_fast,1.0,97.43589758872986,-2.5641024112701416,61.76792144775391,13.533309872343763,1.0,16.0,50,0.0,20000.0,5.0,0.05
2217,,,durable,0.1,wiki_fast,1.0,98.4615445137024,-1.5384554862975932,64.99153900146484,19.458520921333957,1.0,16.0,50,0.0,20000.0,5.0,0.05
2218,,,durable_agg,1.0,wiki_fast,1.0,85.6410264968872,-14.358973503112793,879.2349243164062,1516.0888819520274,1.0,16.0,50,0.0,20000.0,5.0,0.05
2219,,,obs,5.0,wiki_fast,1.0,99.48718547821044,-0.512814521789565,71.8721694946289,32.10555089397519,1.0,16.0,50,0.0,20000.0,5.0,0.05
2220,,,random,1.0,wiki_fast,1.0,0.5128205288201501,-99.48717947117984,78.44241333007812,44.18207074154466,1.0,16.0,50,0.0,20000.0,20.0,0.05
2221,,,random_greedy,10.0,wiki_fast,1.0,0.0,-100.0,56.22075653076172,3.3372731809266503,1.0,16.0,50,0.0,20000.0,10.0,0.7
2222,,,hc,1.0,wiki_fast,1.0,98.4615445137024,-1.5384554862975932,59.27323913574219,8.947927471185087,1.0,16.0,50,0.0,20000.0,20.0,0.05
2223,,,slim,1.0,wiki_fast,1.0,98.4615445137024,-1.5384554862975932,59.446231842041016,9.265898904730783,1.0,16.0,50,0.0,20000.0,20.0,0.05
2224,,,zero,0.1,wiki_fast,1.0,100.0,0.0,54.269622802734375,-0.2490328652283944,1.0,16.0,50,0.0,20000.0,5.0,0.05
2225,,,act,5.0,wiki_fast,1.0,99.48718547821044,-0.512814521789565,62.24690246582031,14.413706995518783,1.0,16.0,50,0.0,20000.0,5.0,0.05
4455,,,greedy,1.0,wiki_fast,1.0,0.0,-100.0,327.3910827636719,378.7627710262408,1.0,2.0,10,1.0,20000.0,5.0,0.05
4456,,,durable,0.001,wiki_fast,1.0,100.0,0.0,68.29730987548828,-0.12492382625491155,1.0,2.0,10,1.0,20000.0,5.0,0.05
4457,,,durable_agg,0.001,wiki_fast,1.0,100.0,0.0,68.29998779296875,-0.12100775382341436,1.0,2.0,10,1.0,20000.0,5.0,0.05
4458,,,obs,0.01,wiki_fast,1.0,100.0,0.0,68.30427551269531,-0.11473757517241318,1.0,2.0,10,1.0,20000.0,5.0,0.05
4459,,,random,1.0,wiki_fast,1.0,23.80952388048172,-76.19047611951828,87.53125,28.001970755083473,1.0,2.0,10,1.0,20000.0,20.0,0.05
4460,,,random_greedy,30.0,wiki_fast,1.0,0.0,-100.0,76.3739242553711,11.68597294094362,1.0,2.0,10,1.0,20000.0,20.0,0.5
4461,,,hc,0.1,wiki_fast,1.0,100.0,0.0,68.28726196289062,-0.13961746554916166,1.0,2.0,10,1.0,20000.0,1.0,0.05
4462,,,slim,5.0,wiki_fast,1.0,47.61904776096344,-52.38095223903656,188.2254180908203,175.2528321236649,1.0,2.0,10,1.0,20000.0,10.0,0.05
4463,,,zero,0.1,wiki_fast,1.0,100.0,0.0,68.34654235839844,-0.052928340783540265,1.0,2.0,10,1.0,20000.0,5.0,0.05
4464,,,act,0.1,wiki_fast,1.0,100.0,0.0,68.29730987548828,-0.12492382625491155,1.0,2.0,10,1.0,20000.0,5.0,0.05
4465,,,ig,5.0,wiki_fast,1.0,9.5238097012043,-90.4761902987957,91.64474487304688,34.017370403105545,1.0,2.0,10,1.0,20000.0,5.0,0.05
4467,,,greedy,1.0,wiki_fast,1.0,0.0,-100.0,328.4380187988281,380.0549984834157,1.0,2.0,20,1.0,20000.0,5.0,0.05
4468,,,durable,0.001,wiki_fast,1.0,100.0,0.0,68.30097961425781,-0.16921066247970454,1.0,2.0,20,1.0,20000.0,5.0,0.05
4469,,,durable_agg,0.001,wiki_fast,1.0,100.0,0.0,68.43338012695312,0.024309954145627775,1.0,2.0,20,1.0,20000.0,5.0,0.05
4470,,,obs,0.001,wiki_fast,1.0,100.0,0.0,68.32044982910156,-0.1407524042321623,1.0,2.0,20,1.0,20000.0,5.0,0.05
4471,,,random,1.0,wiki_fast,1.0,14.28571492433548,-85.71428507566452,97.23089599609376,42.115635091976394,1.0,2.0,20,1.0,20000.0,20.0,0.05
4472,,,random_greedy,25.0,wiki_fast,1.0,0.0,-100.0,72.09317016601562,5.373570396274555,1.0,2.0,20,1.0,20000.0,10.0,0.5
4473,,,hc,0.1,wiki_fast,1.0,100.0,0.0,68.3018569946289,-0.1679282566417471,1.0,2.0,20,1.0,20000.0,1.0,0.05
4474,,,slim,5.0,wiki_fast,1.0,33.33333432674408,-66.66666567325592,201.04153442382807,193.84842186022436,1.0,2.0,20,1.0,20000.0,10.0,0.05
4475,,,zero,0.1,wiki_fast,1.0,100.0,0.0,68.33375549316406,-0.12130444091566008,1.0,2.0,20,1.0,20000.0,5.0,0.05
4476,,,act,0.1,wiki_fast,1.0,100.0,0.0,68.30097961425781,-0.16921066247970454,1.0,2.0,20,1.0,20000.0,5.0,0.05
4477,,,ig,5.0,wiki_fast,1.0,0.0,-100.0,85.8473129272461,25.47704382036505,1.0,2.0,20,1.0,20000.0,5.0,0.05
4479,,,greedy,0.1,wiki_fast,1.0,76.1904776096344,-23.8095223903656,107.79037475585938,63.54979799227438,1.0,2.0,30,1.0,20000.0,5.0,0.05
4480,,,durable,5.0,wiki_fast,1.0,33.33333432674408,-66.66666567325592,136.45010375976562,107.0350618641063,1.0,2.0,30,1.0,20000.0,5.0,0.05
4481,,,durable_agg,5.0,wiki_fast,1.0,38.0952388048172,-61.9047611951828,152.3062744140625,131.0935505122341,1.0,2.0,30,1.0,20000.0,5.0,0.05
4482,,,obs,5.0,wiki_fast,1.0,95.23809552192688,-4.76190447807312,84.21273040771484,27.775555820775548,1.0,2.0,30,1.0,20000.0,5.0,0.05
4483,,,random,1.0,wiki_fast,1.0,85.71428656578064,-14.28571343421936,80.1193618774414,21.56470816623799,1.0,2.0,30,1.0,20000.0,20.0,0.05
4484,,,random_greedy,30.0,wiki_fast,1.0,0.0,-100.0,75.31324005126953,14.272403490825003,1.0,2.0,30,1.0,20000.0,20.0,0.5
4485,,,hc,0.1,wiki_fast,1.0,100.0,0.0,65.81472778320312,-0.1396417978936465,1.0,2.0,30,1.0,20000.0,1.0,0.05
4486,,,slim,5.0,wiki_fast,1.0,85.71428656578064,-14.28571343421936,178.46038818359375,170.7770568861766,1.0,2.0,30,1.0,20000.0,10.0,0.05
4487,,,zero,0.1,wiki_fast,1.0,100.0,0.0,65.8737564086914,-0.05007795885666209,1.0,2.0,30,1.0,20000.0,5.0,0.05
4488,,,act,5.0,wiki_fast,1.0,95.23809552192688,-4.76190447807312,72.51789855957031,10.031045787761832,1.0,2.0,30,1.0,20000.0,5.0,0.05
4489,,,ig,5.0,wiki_fast,1.0,0.0,-100.0,79.6488037109375,20.85073260719907,1.0,2.0,30,1.0,20000.0,5.0,0.05
4491,,,greedy,0.1,wiki_fast,1.0,76.1904776096344,-23.8095223903656,110.8610610961914,64.28915462679196,1.0,2.0,50,1.0,20000.0,5.0,0.05
4492,,,durable,0.1,wiki_fast,1.0,95.23809552192688,-4.76190447807312,71.34418487548828,5.727617116720888,1.0,2.0,50,1.0,20000.0,5.0,0.05
4493,,,durable_agg,5.0,wiki_fast,1.0,95.23809552192688,-4.76190447807312,172.82852172851562,156.121053230217,1.0,2.0,50,1.0,20000.0,5.0,0.05
4494,,,obs,5.0,wiki_fast,1.0,95.23809552192688,-4.76190447807312,83.72252655029297,24.071544816192592,1.0,2.0,50,1.0,20000.0,5.0,0.05
4495,,,random,1.0,wiki_fast,1.0,52.3809552192688,-47.6190447807312,102.68473052978516,52.172344419296756,1.0,2.0,50,1.0,20000.0,20.0,0.05
4496,,,random_greedy,25.0,wiki_fast,1.0,0.0,-100.0,70.55573272705078,4.559180375725949,1.0,2.0,50,1.0,20000.0,10.0,0.5
4497,,,hc,5.0,wiki_fast,1.0,95.23809552192688,-4.76190447807312,72.88272094726562,8.007631290280054,1.0,2.0,50,1.0,20000.0,20.0,0.05
4498,,,slim,1.0,wiki_fast,1.0,95.23809552192688,-4.76190447807312,96.91431427001952,43.620948647078585,1.0,2.0,50,1.0,20000.0,10.0,0.05
4499,,,zero,0.1,wiki_fast,1.0,100.0,0.0,67.40347290039062,-0.11227141235175482,1.0,2.0,50,1.0,20000.0,5.0,0.05
4500,,,act,5.0,wiki_fast,1.0,80.95238208770752,-19.04761791229248,76.22103881835938,12.954809456305616,1.0,2.0,50,1.0,20000.0,5.0,0.05
4501,,,ig,5.0,wiki_fast,1.0,0.0,-100.0,92.9947738647461,37.8124350595242,1.0,2.0,50,1.0,20000.0,5.0,0.05
4503,,,greedy,0.01,wiki_fast,1.0,95.23809552192688,-4.76190447807312,68.20216369628906,11.481287052659585,1.0,4.0,10,1.0,20000.0,5.0,0.05
4504,,,durable,1.0,wiki_fast,1.0,52.3809552192688,-47.6190447807312,82.31864166259766,34.55567424281585,1.0,4.0,10,1.0,20000.0,5.0,0.05
4505,,,durable_agg,5.0,wiki_fast,1.0,95.23809552192688,-4.76190447807312,384.71966552734375,528.8516543030236,1.0,4.0,10,1.0,20000.0,5.0,0.05
4506,,,obs,0.001,wiki_fast,1.0,100.0,0.0,61.16014099121094,-0.029399882612472946,1.0,4.0,10,1.0,20000.0,5.0,0.05
4507,,,random,1.0,wiki_fast,1.0,9.5238097012043,-90.4761902987957,70.06622314453125,14.5282247914401,1.0,4.0,10,1.0,20000.0,10.0,0.05
4508,,,random_greedy,25.0,wiki_fast,1.0,0.0,-100.0,62.35548782348633,1.924479526988001,1.0,4.0,10,1.0,20000.0,20.0,0.5
4509,,,hc,0.1,wiki_fast,1.0,100.0,0.0,61.01544570922852,-0.26591461164188046,1.0,4.0,10,1.0,20000.0,20.0,0.05
4510,,,slim,1.0,wiki_fast,1.0,95.23809552192688,-4.76190447807312,63.76015472412109,4.220507475021468,1.0,4.0,10,1.0,20000.0,20.0,0.05
4511,,,zero,0.1,wiki_fast,1.0,100.0,0.0,61.15542602539063,-0.03710682957089539,1.0,4.0,10,1.0,20000.0,5.0,0.05
4512,,,act,1.0,wiki_fast,1.0,95.23809552192688,-4.76190447807312,62.46080780029297,2.0966325193629247,1.0,4.0,10,1.0,20000.0,5.0,0.05
4513,,,ig,5.0,wiki_fast,1.0,0.0,-100.0,93.13116455078124,52.229511882759105,1.0,4.0,10,1.0,20000.0,5.0,0.05
4515,,,greedy,1.0,wiki_fast,1.0,0.0,-100.0,253.69921875,326.504462712227,1.0,4.0,20,1.0,20000.0,5.0,0.05
4516,,,durable,0.001,wiki_fast,1.0,100.0,0.0,59.49905014038086,0.026364042601100025,1.0,4.0,20,1.0,20000.0,5.0,0.05
4517,,,durable_agg,0.001,wiki_fast,1.0,100.0,0.0,59.53548049926758,0.0876086562816204,1.0,4.0,20,1.0,20000.0,5.0,0.05
4518,,,obs,0.001,wiki_fast,1.0,100.0,0.0,59.4666633605957,-0.028082739613310245,1.0,4.0,20,1.0,20000.0,5.0,0.05
4519,,,random,5.0,wiki_fast,1.0,95.23809552192688,-4.76190447807312,84.03023529052734,41.26677461109989,1.0,4.0,20,1.0,20000.0,10.0,0.05
4520,,,random_greedy,25.0,wiki_fast,1.0,0.0,-100.0,61.6833381652832,3.6984628179140437,1.0,4.0,20,1.0,20000.0,20.0,0.5
4521,,,hc,0.1,wiki_fast,1.0,100.0,0.0,59.33855819702149,-0.2434457361179303,1.0,4.0,20,1.0,20000.0,20.0,0.05
4522,,,slim,5.0,wiki_fast,1.0,66.66666865348816,-33.33333134651184,238.2557067871093,300.5417230373633,1.0,4.0,20,1.0,20000.0,10.0,0.05
4523,,,zero,0.1,wiki_fast,1.0,100.0,0.0,59.46299362182617,-0.03425209232123282,1.0,4.0,20,1.0,20000.0,5.0,0.05
4524,,,act,5.0,wiki_fast,1.0,80.95238208770752,-19.04761791229248,68.02730560302734,14.363574192045652,1.0,4.0,20,1.0,20000.0,5.0,0.05
4525,,,ig,5.0,wiki_fast,1.0,66.66666865348816,-33.33333134651184,93.25472259521484,56.774449491086095,1.0,4.0,20,1.0,20000.0,5.0,0.05
4527,,,greedy,1.0,wiki_fast,1.0,4.76190485060215,-95.23809514939785,254.2579345703125,329.4101419409937,1.0,4.0,30,1.0,20000.0,5.0,0.05
4528,,,durable,0.001,wiki_fast,1.0,100.0,0.0,59.19284057617188,-0.03062788714865798,1.0,4.0,30,1.0,20000.0,5.0,0.05
4529,,,durable_agg,0.001,wiki_fast,1.0,100.0,0.0,59.00621032714844,-0.3458232491304811,1.0,4.0,30,1.0,20000.0,5.0,0.05
4530,,,obs,0.001,wiki_fast,1.0,100.0,0.0,59.182594299316406,-0.04793257896215916,1.0,4.0,30,1.0,20000.0,5.0,0.05
4531,,,random,10.0,wiki_fast,1.0,95.23809552192688,-4.76190447807312,120.54358673095705,103.58317932415325,1.0,4.0,30,1.0,20000.0,10.0,0.05
4532,,,random_greedy,25.0,wiki_fast,1.0,0.0,-100.0,61.51210021972656,3.8863142307832557,1.0,4.0,30,1.0,20000.0,20.0,0.5
4533,,,hc,0.1,wiki_fast,1.0,100.0,0.0,59.04724884033203,-0.27651428616342355,1.0,4.0,30,1.0,20000.0,20.0,0.05
4534,,,slim,5.0,wiki_fast,1.0,61.90476417541504,-38.09523582458496,227.05352783203125,283.46527033394705,1.0,4.0,30,1.0,20000.0,10.0,0.05
4535,,,zero,0.1,wiki_fast,1.0,100.0,0.0,59.11592864990234,-0.160522599115759,1.0,4.0,30,1.0,20000.0,5.0,0.05
4536,,,act,5.0,wiki_fast,1.0,90.47619104385376,-9.52380895614624,73.66261291503906,24.407024390595886,1.0,4.0,30,1.0,20000.0,5.0,0.05
4537,,,ig,5.0,wiki_fast,1.0,14.28571492433548,-85.71428507566452,80.59540557861328,36.115652035762345,1.0,4.0,30,1.0,20000.0,5.0,0.05
4539,,,greedy,1.0,wiki_fast,1.0,42.85714328289032,-57.14285671710968,259.9633178710937,343.3850402510829,1.0,4.0,50,1.0,20000.0,5.0,0.05
4540,,,durable,0.001,wiki_fast,1.0,100.0,0.0,58.6262092590332,-0.009030639567721242,1.0,4.0,50,1.0,20000.0,5.0,0.05
4541,,,durable_agg,0.001,wiki_fast,1.0,100.0,0.0,58.57865905761719,-0.09013072761645703,1.0,4.0,50,1.0,20000.0,5.0,0.05
4542,,,obs,0.001,wiki_fast,1.0,100.0,0.0,58.60651397705078,-0.042622276518834185,1.0,4.0,50,1.0,20000.0,5.0,0.05
4543,,,random,10.0,wiki_fast,1.0,0.0,-100.0,124.53617095947266,112.40487167871066,1.0,4.0,50,1.0,20000.0,10.0,0.05
4544,,,random_greedy,25.0,wiki_fast,1.0,0.0,-100.0,60.51982498168945,3.2206591885423825,1.0,4.0,50,1.0,20000.0,20.0,0.5
4545,,,hc,0.1,wiki_fast,1.0,100.0,0.0,58.47529602050781,-0.26642338592119386,1.0,4.0,50,1.0,20000.0,20.0,0.05
4546,,,slim,5.0,wiki_fast,1.0,9.5238097012043,-90.4761902987957,254.3246459960937,333.7679035845197,1.0,4.0,50,1.0,20000.0,10.0,0.05
4547,,,zero,0.1,wiki_fast,1.0,100.0,0.0,58.59650421142578,-0.059694609534468576,1.0,4.0,50,1.0,20000.0,5.0,0.05
4548,,,act,5.0,wiki_fast,1.0,76.1904776096344,-23.8095223903656,71.2938232421875,21.596442708757255,1.0,4.0,50,1.0,20000.0,5.0,0.05
4549,,,ig,5.0,wiki_fast,1.0,57.14285969734192,-42.85714030265808,85.77584075927734,46.2965041340225,1.0,4.0,50,1.0,20000.0,5.0,0.05
4551,,,greedy,1.0,wiki_fast,1.0,9.5238097012043,-90.4761902987957,190.2288360595703,245.6575286785545,1.0,8.0,10,1.0,20000.0,5.0,0.05
4552,,,durable,5.0,wiki_fast,1.0,95.23809552192688,-4.76190447807312,162.2004852294922,194.72828639571551,1.0,8.0,10,1.0,20000.0,5.0,0.05
4553,,,durable_agg,5.0,wiki_fast,1.0,42.85714328289032,-57.14285671710968,1026.55126953125,1765.3069757357273,1.0,8.0,10,1.0,20000.0,5.0,0.05
4554,,,obs,0.01,wiki_fast,1.0,100.0,0.0,54.925079345703125,-0.1977429795974401,1.0,8.0,10,1.0,20000.0,5.0,0.05
4555,,,random,10.0,wiki_fast,1.0,4.76190485060215,-95.23809514939785,103.13278198242188,87.3986262241793,1.0,8.0,10,1.0,20000.0,10.0,0.05
4556,,,random_greedy,25.0,wiki_fast,1.0,0.0,-100.0,55.19321060180664,0.28946805142203413,1.0,8.0,10,1.0,20000.0,20.0,0.5
4557,,,hc,0.1,wiki_fast,1.0,100.0,0.0,54.95521926879883,-0.14297688026347796,1.0,8.0,10,1.0,20000.0,1.0,0.05
4558,,,slim,5.0,wiki_fast,1.0,76.1904776096344,-23.8095223903656,626.5706176757812,1038.5174599953086,1.0,8.0,10,1.0,20000.0,10.0,0.05
4559,,,zero,0.1,wiki_fast,1.0,100.0,0.0,55.120643615722656,0.1576093616827654,1.0,8.0,10,1.0,20000.0,5.0,0.05
4560,,,act,1.0,wiki_fast,1.0,95.23809552192688,-4.76190447807312,56.54570388793945,2.7470317758439573,1.0,8.0,10,1.0,20000.0,5.0,0.05
4561,,,ig,0.1,wiki_fast,1.0,100.0,0.0,54.860107421875,-0.3158009727446422,1.0,8.0,10,1.0,20000.0,5.0,0.05
4563,,,greedy,1.0,wiki_fast,1.0,42.85714328289032,-57.14285671710968,196.9353790283203,264.797170568274,1.0,8.0,20,1.0,20000.0,5.0,0.05
4564,,,durable,1.0,wiki_fast,1.0,95.23809552192688,-4.76190447807312,96.24431610107422,78.28007527231308,1.0,8.0,20,1.0,20000.0,5.0,0.05
4565,,,durable_agg,5.0,wiki_fast,1.0,66.66666865348816,-33.33333134651184,1402.912353515625,2498.712631741917,1.0,8.0,20,1.0,20000.0,5.0,0.05
4566,,,obs,0.001,wiki_fast,1.0,100.0,0.0,53.9192008972168,-0.12169462055649816,1.0,8.0,20,1.0,20000.0,5.0,0.05
4567,,,random,1.0,wiki_fast,1.0,95.23809552192688,-4.76190447807312,61.70533752441406,14.301110592371284,1.0,8.0,20,1.0,20000.0,20.0,0.05
4568,,,random_greedy,25.0,wiki_fast,1.0,0.0,-100.0,54.0789680480957,0.17425324253415655,1.0,8.0,20,1.0,20000.0,20.0,0.5
4569,,,hc,5.0,wiki_fast,1.0,95.23809552192688,-4.76190447807312,112.67169952392578,108.70966604500326,1.0,8.0,20,1.0,20000.0,10.0,0.05
4570,,,slim,5.0,wiki_fast,1.0,0.0,-100.0,1400.41455078125,2494.0857771125784,1.0,8.0,20,1.0,20000.0,10.0,0.05
4571,,,zero,0.1,wiki_fast,1.0,100.0,0.0,54.0416145324707,0.10506071411183454,1.0,8.0,20,1.0,20000.0,5.0,0.05
4572,,,act,1.0,wiki_fast,1.0,95.23809552192688,-4.76190447807312,54.3598861694336,0.6946175180190775,1.0,8.0,20,1.0,20000.0,5.0,0.05
4573,,,ig,5.0,wiki_fast,1.0,4.76190485060215,-95.23809514939785,86.69277954101562,60.587096342469664,1.0,8.0,20,1.0,20000.0,5.0,0.05
4575,,,greedy,1.0,wiki_fast,1.0,85.71428656578064,-14.28571343421936,203.35894775390625,283.00062174623184,1.0,8.0,30,1.0,20000.0,5.0,0.05
4576,,,durable,0.001,wiki_fast,1.0,100.0,0.0,53.071285247802734,-0.04700815339644865,1.0,8.0,30,1.0,20000.0,5.0,0.05
4577,,,durable_agg,0.001,wiki_fast,1.0,100.0,0.0,53.47643661499024,0.716042733953407,1.0,8.0,30,1.0,20000.0,5.0,0.05
4578,,,obs,0.001,wiki_fast,1.0,100.0,0.0,53.00983428955078,-0.1627431897808887,1.0,8.0,30,1.0,20000.0,5.0,0.05
4579,,,random,1.0,wiki_fast,1.0,85.71428656578064,-14.28571343421936,58.73195266723633,10.614136414313181,1.0,8.0,30,1.0,20000.0,20.0,0.05
4580,,,random_greedy,25.0,wiki_fast,1.0,0.0,-100.0,53.35420989990234,0.4858443168701445,1.0,8.0,30,1.0,20000.0,20.0,0.5
4581,,,hc,0.1,wiki_fast,1.0,100.0,0.0,53.01900863647461,-0.1454644783460027,1.0,8.0,30,1.0,20000.0,1.0,0.05
4582,,,slim,5.0,wiki_fast,1.0,19.0476194024086,-80.9523805975914,1141.6507568359375,2050.1534823752113,1.0,8.0,30,1.0,20000.0,10.0,0.05
4583,,,zero,0.1,wiki_fast,1.0,100.0,0.0,53.154441833496094,0.10960666180898984,1.0,8.0,30,1.0,20000.0,5.0,0.05
4584,,,act,5.0,wiki_fast,1.0,95.23809552192688,-4.76190447807312,63.54879379272461,19.68604186175565,1.0,8.0,30,1.0,20000.0,5.0,0.05
4585,,,ig,5.0,wiki_fast,1.0,4.76190485060215,-95.23809514939785,91.8314971923828,72.95290376468994,1.0,8.0,30,1.0,20000.0,5.0,0.05
4587,,,greedy,1.0,wiki_fast,1.0,47.61904776096344,-52.38095223903656,219.27047729492188,320.8896754678408,1.0,8.0,50,1.0,20000.0,5.0,0.05
4588,,,durable,5.0,wiki_fast,1.0,95.23809552192688,-4.76190447807312,188.54409790039065,261.91039101874594,1.0,8.0,50,1.0,20000.0,5.0,0.05
4589,,,durable_agg,5.0,wiki_fast,1.0,66.66666865348816,-33.33333134651184,1647.9296875,3063.200992319628,1.0,8.0,50,1.0,20000.0,5.0,0.05
4590,,,obs,0.001,wiki_fast,1.0,100.0,0.0,52.01168823242188,-0.16356578986869,1.0,8.0,50,1.0,20000.0,5.0,0.05
4591,,,random,1.0,wiki_fast,1.0,61.90476417541504,-38.09523582458496,56.78456115722656,8.997963665226855,1.0,8.0,50,1.0,20000.0,20.0,0.05
4592,,,random_greedy,25.0,wiki_fast,1.0,0.0,-100.0,53.261268615722656,2.2350037233952973,1.0,8.0,50,1.0,20000.0,10.0,0.5
4593,,,hc,1.0,wiki_fast,1.0,52.3809552192688,-47.6190447807312,113.23107147216795,117.34703874747468,1.0,8.0,50,1.0,20000.0,10.0,0.05
4594,,,slim,1.0,wiki_fast,1.0,19.0476194024086,-80.9523805975914,180.85874938964844,247.15836475215076,1.0,8.0,50,1.0,20000.0,20.0,0.05
4595,,,zero,0.1,wiki_fast,1.0,100.0,0.0,52.1427001953125,0.08791166949429921,1.0,8.0,50,1.0,20000.0,5.0,0.05
4596,,,act,5.0,wiki_fast,1.0,4.76190485060215,-95.23809514939785,72.17431640625,38.53859846568289,1.0,8.0,50,1.0,20000.0,5.0,0.05
4597,,,ig,5.0,wiki_fast,1.0,4.76190485060215,-95.23809514939785,78.23995971679688,50.18160064260604,1.0,8.0,50,1.0,20000.0,5.0,0.05
4599,,,greedy,0.001,wiki_fast,1.0,90.47619104385376,5.555555169229158,50.26321792602539,2.3967992629035018,1.0,16.0,10,1.0,20000.0,5.0,0.05
4600,,,durable,1.0,wiki_fast,1.0,23.80952388048172,-72.22222241538542,71.66324615478516,45.99318017878134,1.0,16.0,10,1.0,20000.0,5.0,0.05
4601,,,durable_agg,0.01,wiki_fast,1.0,90.47619104385376,5.555555169229158,51.3026008605957,4.5142419993618175,1.0,16.0,10,1.0,20000.0,5.0,0.05
4602,,,obs,0.1,wiki_fast,1.0,80.95238208770752,-5.555555169229158,49.23825073242188,0.30872443791031234,1.0,16.0,10,1.0,20000.0,5.0,0.05
4603,,,random,1.0,wiki_fast,1.0,0.0,-100.0,54.13429641723633,10.283004395627966,1.0,16.0,10,1.0,20000.0,20.0,0.05
4604,,,random_greedy,10.0,wiki_fast,1.0,0.0,-100.0,47.37209701538086,-3.493025140455398,1.0,16.0,10,1.0,20000.0,10.0,0.5
4605,,,hc,1.0,wiki_fast,1.0,66.66666865348816,-22.22222067691663,55.66136169433594,13.393959147284544,1.0,16.0,10,1.0,20000.0,20.0,0.05
4606,,,slim,5.0,wiki_fast,1.0,52.3809552192688,-38.888886184604104,53.97106552124024,9.95046855768352,1.0,16.0,10,1.0,20000.0,20.0,0.05
4607,,,zero,1.0,wiki_fast,1.0,100.0,16.666665507687473,49.516727447509766,0.8760403693378177,1.0,16.0,10,1.0,20000.0,5.0,0.05
4608,,,act,1.0,wiki_fast,1.0,95.23809552192688,11.111110338458316,51.10775375366211,4.117297256886305,1.0,16.0,10,1.0,20000.0,5.0,0.05
4610,,,greedy,0.001,wiki_fast,1.0,100.0,0.0,49.45503616333008,3.054445799230832,1.0,16.0,20,1.0,20000.0,5.0,0.05
4611,,,durable,5.0,wiki_fast,1.0,80.95238208770752,-19.04761791229248,496.8331909179688,935.3014195686534,1.0,16.0,20,1.0,20000.0,5.0,0.05
4612,,,durable_agg,5.0,wiki_fast,1.0,19.0476194024086,-80.9523805975914,4524.1630859375,9327.454829612096,1.0,16.0,20,1.0,20000.0,5.0,0.05
4613,,,obs,0.001,wiki_fast,1.0,100.0,0.0,48.07200622558594,0.17248685601508862,1.0,16.0,20,1.0,20000.0,5.0,0.05
4614,,,random,5.0,wiki_fast,1.0,95.23809552192688,-4.76190447807312,57.94029235839844,20.736029768946786,1.0,16.0,20,1.0,20000.0,1.0,0.05
4615,,,random_greedy,25.0,wiki_fast,1.0,0.0,-100.0,47.7261962890625,-0.5481121794925298,1.0,16.0,20,1.0,20000.0,10.0,0.5
4616,,,hc,5.0,wiki_fast,1.0,66.66666865348816,-33.33333134651184,95.9584503173828,99.95829918214406,1.0,16.0,20,1.0,20000.0,10.0,0.05
4617,,,slim,5.0,wiki_fast,1.0,95.23809552192688,-4.76190447807312,75.72868347167969,57.803494077029185,1.0,16.0,20,1.0,20000.0,20.0,0.05
4618,,,zero,0.1,wiki_fast,1.0,100.0,0.0,48.004981994628906,0.032821707382197376,1.0,16.0,20,1.0,20000.0,5.0,0.05
4619,,,act,5.0,wiki_fast,1.0,95.23809552192688,-4.76190447807312,57.01617050170898,18.810343869586283,1.0,16.0,20,1.0,20000.0,5.0,0.05
4621,,,greedy,0.01,wiki_fast,1.0,95.23809552192688,-4.76190447807312,53.783729553222656,13.530751202175681,1.0,16.0,30,1.0,20000.0,5.0,0.05
4622,,,durable,1.0,wiki_fast,1.0,95.23809552192688,-4.76190447807312,95.3662567138672,101.30628452143354,1.0,16.0,30,1.0,20000.0,5.0,0.05
4623,,,durable_agg,0.001,wiki_fast,1.0,100.0,0.0,47.4814567565918,0.22743864229638866,1.0,16.0,30,1.0,20000.0,5.0,0.05
4624,,,obs,0.001,wiki_fast,1.0,100.0,0.0,47.46862030029297,0.20034248257511594,1.0,16.0,30,1.0,20000.0,5.0,0.05
4625,,,random,1.0,wiki_fast,1.0,9.5238097012043,-90.4761902987957,51.98987579345703,9.744149443896616,1.0,16.0,30,1.0,20000.0,20.0,0.05
4626,,,random_greedy,10.0,wiki_fast,1.0,0.0,-100.0,46.07149887084961,-2.748806762428441,1.0,16.0,30,1.0,20000.0,10.0,0.7
4627,,,hc,5.0,wiki_fast,1.0,80.95238208770752,-19.04761791229248,58.71631240844727,23.942818970114036,1.0,16.0,30,1.0,20000.0,1.0,0.05
4628,,,slim,1.0,wiki_fast,1.0,71.42857313156128,-28.57142686843872,64.36186981201172,35.859887167242654,1.0,16.0,30,1.0,20000.0,10.0,0.05
4629,,,zero,0.1,wiki_fast,1.0,100.0,0.0,47.40643310546875,0.06907306332513442,1.0,16.0,30,1.0,20000.0,5.0,0.05
4630,,,act,0.1,wiki_fast,1.0,100.0,0.0,47.40456771850586,0.06513546388867013,1.0,16.0,30,1.0,20000.0,5.0,0.05
4632,,,greedy,0.01,wiki_fast,1.0,100.0,4.999999687075616,56.58517837524414,18.94929677532655,1.0,16.0,50,1.0,20000.0,5.0,0.05
4633,,,durable,0.01,wiki_fast,1.0,100.0,4.999999687075616,48.30942153930664,1.5525953036026883,1.0,16.0,50,1.0,20000.0,5.0,0.05
4634,,,durable_agg,0.001,wiki_fast,1.0,100.0,4.999999687075616,47.99856948852539,0.899144454753292,1.0,16.0,50,1.0,20000.0,5.0,0.05
4635,,,obs,1.0,wiki_fast,1.0,85.71428656578064,-9.999999374151232,50.00997543334961,5.127377528084482,1.0,16.0,50,1.0,20000.0,5.0,0.05
4636,,,random,1.0,wiki_fast,1.0,4.76190485060215,-94.9999999217689,50.75113296508789,6.685385644898604,1.0,16.0,50,1.0,20000.0,20.0,0.05
4637,,,random_greedy,10.0,wiki_fast,1.0,0.0,-100.0,47.789920806884766,0.46053818599388474,1.0,16.0,50,1.0,20000.0,1.0,0.5
4638,,,hc,1.0,wiki_fast,1.0,52.3809552192688,-44.99999718368054,62.71129608154297,31.82718130358184,1.0,16.0,50,1.0,20000.0,20.0,0.05
4639,,,slim,1.0,wiki_fast,1.0,19.0476194024086,-79.99999968707561,72.15248107910156,51.67376212971346,1.0,16.0,50,1.0,20000.0,10.0,0.05
4640,,,zero,1.0,wiki_fast,1.0,100.0,4.999999687075616,49.07947540283203,3.1713472131229046,1.0,16.0,50,1.0,20000.0,5.0,0.05
4641,,,act,5.0,wiki_fast,1.0,61.90476417541504,-34.99999780952931,55.617225646972656,16.91453608983185,1.0,16.0,50,1.0,20000.0,5.0,0.05
6885,,,greedy,0.1,wiki_fast,1.0,9.75609719753265,-90.2439022209586,126.4357452392578,71.50433444087543,1.0,2.0,10,3.0,20000.0,5.0,0.05
6886,,,durable,0.1,wiki_fast,1.0,90.24389982223512,-9.756094798808967,74.83489227294922,1.5101257001307484,1.0,2.0,10,3.0,20000.0,5.0,0.05
6887,,,durable_agg,0.1,wiki_fast,1.0,90.24389982223512,-9.756094798808967,84.6802749633789,14.864939265255197,1.0,2.0,10,3.0,20000.0,5.0,0.05
6888,,,obs,5.0,wiki_fast,1.0,87.80487775802612,-12.195117008395016,94.9126205444336,28.74465038118201,1.0,2.0,10,3.0,20000.0,5.0,0.05
6889,,,random,10.0,wiki_fast,1.0,90.24389982223512,-9.756094798808967,129.84817504882812,76.1331401809696,1.0,2.0,10,3.0,20000.0,1.0,0.05
6890,,,random_greedy,10.0,wiki_fast,1.0,0.0,-100.0,75.35336303710938,2.2134076965794107,1.0,2.0,10,3.0,20000.0,20.0,0.5
6891,,,hc,5.0,wiki_fast,1.0,90.24389982223512,-9.756094798808967,81.9541244506836,11.167040159423143,1.0,2.0,10,3.0,20000.0,20.0,0.05
6892,,,slim,1.0,wiki_fast,1.0,90.24389982223512,-9.756094798808967,77.18128204345703,4.692896641752661,1.0,2.0,10,3.0,20000.0,1.0,0.05
6893,,,zero,1.0,wiki_fast,1.0,90.24389982223512,-9.756094798808967,78.19509887695312,6.068093038504837,1.0,2.0,10,3.0,20000.0,5.0,0.05
6894,,,act,5.0,wiki_fast,1.0,34.14633870124817,-65.85365926347131,81.92266845703125,11.124371535567501,1.0,2.0,10,3.0,20000.0,5.0,0.05
6895,,,ig,5.0,wiki_fast,1.0,0.0,-100.0,91.5536651611328,24.18838026674977,1.0,2.0,10,3.0,20000.0,5.0,0.05
6897,,,greedy,0.1,wiki_fast,1.0,90.24389982223512,-9.756094798808967,122.38174438476562,74.19348953621943,1.0,2.0,20,3.0,20000.0,5.0,0.05
6898,,,durable,5.0,wiki_fast,1.0,90.24389982223512,-9.756094798808967,134.72169494628906,91.7577027268575,1.0,2.0,20,3.0,20000.0,5.0,0.05
6899,,,durable_agg,0.001,wiki_fast,1.0,99.99999403953552,0.0,70.2455062866211,-0.01523572147928322,1.0,2.0,20,3.0,20000.0,5.0,0.05
6900,,,obs,0.001,wiki_fast,1.0,99.99999403953552,0.0,70.14982604980469,-0.15142330741776566,1.0,2.0,20,3.0,20000.0,5.0,0.05
6901,,,random,10.0,wiki_fast,1.0,90.24389982223512,-9.756094798808967,180.7143402099609,157.22187315322526,1.0,2.0,20,3.0,20000.0,10.0,0.05
6902,,,random_greedy,10.0,wiki_fast,1.0,0.0,-100.0,72.40528869628906,3.0589158725377152,1.0,2.0,20,3.0,20000.0,10.0,0.5
6903,,,hc,0.1,wiki_fast,1.0,99.99999403953552,0.0,70.17920684814453,-0.10960380391333252,1.0,2.0,20,3.0,20000.0,10.0,0.05
6904,,,slim,1.0,wiki_fast,1.0,90.24389982223512,-9.756094798808967,82.1941909790039,16.992064610752834,1.0,2.0,20,3.0,20000.0,1.0,0.05
6905,,,zero,0.1,wiki_fast,1.0,99.99999403953552,0.0,70.34613037109375,0.12798874793644477,1.0,2.0,20,3.0,20000.0,5.0,0.05
6906,,,act,5.0,wiki_fast,1.0,80.48779964447021,-19.512195558082794,78.22570037841797,11.343467024707932,1.0,2.0,20,3.0,20000.0,5.0,0.05
6907,,,ig,5.0,wiki_fast,1.0,0.0,-100.0,85.30197143554688,21.415560330307834,1.0,2.0,20,3.0,20000.0,5.0,0.05
6909,,,greedy,1.0,wiki_fast,1.0,0.0,-100.0,357.75732421875,410.8882840223535,1.0,2.0,30,3.0,20000.0,5.0,0.05
6910,,,durable,0.001,wiki_fast,1.0,99.99999403953552,0.0,69.95660400390625,-0.09985273220063764,1.0,2.0,30,3.0,20000.0,5.0,0.05
6911,,,durable_agg,0.01,wiki_fast,1.0,99.99999403953552,0.0,69.97515869140625,-0.07335607702202872,1.0,2.0,30,3.0,20000.0,5.0,0.05
6912,,,obs,0.001,wiki_fast,1.0,99.99999403953552,0.0,69.91513061523438,-0.15907798612782437,1.0,2.0,30,3.0,20000.0,5.0,0.05
6913,,,random,10.0,wiki_fast,1.0,39.02438879013061,-60.975608883834425,138.47079467773438,97.74048465563664,1.0,2.0,30,3.0,20000.0,10.0,0.05
6914,,,random_greedy,10.0,wiki_fast,1.0,2.43902429938316,-97.56097555523965,71.89338684082031,2.66593176217901,1.0,2.0,30,3.0,20000.0,20.0,0.5
6915,,,hc,0.1,wiki_fast,1.0,99.99999403953552,0.0,69.9126968383789,-0.16255349311876854,1.0,2.0,30,3.0,20000.0,10.0,0.05
6916,,,slim,0.1,wiki_fast,1.0,99.99999403953552,0.0,69.95660400390625,-0.09985273220063764,1.0,2.0,30,3.0,20000.0,1.0,0.05
6917,,,zero,0.1,wiki_fast,1.0,99.99999403953552,0.0,70.12543487548828,0.14124286091097288,1.0,2.0,30,3.0,20000.0,5.0,0.05
6918,,,act,5.0,wiki_fast,1.0,85.36584973335266,-14.634145178445886,89.0406494140625,27.152741559448003,1.0,2.0,30,3.0,20000.0,5.0,0.05
6919,,,ig,5.0,wiki_fast,1.0,0.0,-100.0,99.69181060791016,42.362922027599886,1.0,2.0,30,3.0,20000.0,5.0,0.05
6921,,,greedy,0.1,wiki_fast,1.0,87.80487775802612,-12.195117008395016,123.7542953491211,78.49677421626683,1.0,2.0,50,3.0,20000.0,5.0,0.05
6922,,,durable,0.001,wiki_fast,1.0,99.99999403953552,0.0,69.29379272460938,-0.05422890849796047,1.0,2.0,50,3.0,20000.0,5.0,0.05
6923,,,durable_agg,0.001,wiki_fast,1.0,99.99999403953552,0.0,69.3072738647461,-0.03478441147768934,1.0,2.0,50,3.0,20000.0,5.0,0.05
6924,,,obs,0.001,wiki_fast,1.0,99.99999403953552,0.0,69.21735382080078,-0.16448041706960537,1.0,2.0,50,3.0,20000.0,5.0,0.05
6925,,,random,10.0,wiki_fast,1.0,90.24389982223512,-9.756094798808967,120.03170776367188,73.12750704161496,1.0,2.0,50,3.0,20000.0,1.0,0.05
6926,,,random_greedy,25.0,wiki_fast,1.0,0.0,-100.0,75.89295959472656,9.46406696565928,1.0,2.0,50,3.0,20000.0,20.0,0.5
6927,,,hc,0.1,wiki_fast,1.0,99.99999403953552,0.0,69.22769927978516,-0.14955866383842956,1.0,2.0,50,3.0,20000.0,10.0,0.05
6928,,,slim,0.1,wiki_fast,1.0,99.99999403953552,0.0,69.29379272460938,-0.05422890849796047,1.0,2.0,50,3.0,20000.0,1.0,0.05
6929,,,zero,0.1,wiki_fast,1.0,99.99999403953552,0.0,69.41511535644531,0.1207605604416839,1.0,2.0,50,3.0,20000.0,5.0,0.05
6930,,,act,0.1,wiki_fast,1.0,99.99999403953552,0.0,69.29379272460938,-0.05422890849796047,1.0,2.0,50,3.0,20000.0,5.0,0.05
6931,,,ig,5.0,wiki_fast,1.0,48.78048598766327,-51.21951110479302,101.1288604736328,45.86302094635606,1.0,2.0,50,3.0,20000.0,5.0,0.05
6933,,,greedy,0.1,wiki_fast,1.0,90.24389982223512,-9.756094798808967,92.77159118652344,48.166825518636855,1.0,4.0,10,3.0,20000.0,5.0,0.05
6934,,,durable,5.0,wiki_fast,1.0,90.24389982223512,-9.756094798808967,144.2050323486328,130.3119046858935,1.0,4.0,10,3.0,20000.0,5.0,0.05
6935,,,durable_agg,5.0,wiki_fast,1.0,95.12194991111757,-4.87804441917206,485.3044738769531,675.0866659144451,1.0,4.0,10,3.0,20000.0,5.0,0.05
6936,,,obs,5.0,wiki_fast,1.0,97.56097197532654,-2.439022209586037,93.84588623046876,49.88259738689933,1.0,4.0,10,3.0,20000.0,5.0,0.05
6937,,,random,5.0,wiki_fast,1.0,0.0,-100.0,98.55215454101562,57.39904532849702,1.0,4.0,10,3.0,20000.0,10.0,0.05
6938,,,random_greedy,10.0,wiki_fast,1.0,2.43902429938316,-97.56097555523965,63.30803680419922,1.110164470886467,1.0,4.0,10,3.0,20000.0,10.0,0.5
6939,,,hc,5.0,wiki_fast,1.0,97.56097197532654,-2.439022209586037,74.39276885986328,18.813747425611098,1.0,4.0,10,3.0,20000.0,10.0,0.05
6940,,,slim,5.0,wiki_fast,1.0,90.24389982223512,-9.756094798808967,84.12191772460938,34.352309218621336,1.0,4.0,10,3.0,20000.0,1.0,0.05
6941,,,zero,0.1,wiki_fast,1.0,99.99999403953552,0.0,62.31863021850586,-0.4700308353972717,1.0,4.0,10,3.0,20000.0,5.0,0.05
6942,,,act,5.0,wiki_fast,1.0,70.7317054271698,-29.26829035689177,69.02593231201172,10.242296573013459,1.0,4.0,10,3.0,20000.0,5.0,0.05
6943,,,ig,5.0,wiki_fast,1.0,2.43902429938316,-97.56097555523965,75.03469848632812,19.838982346594936,1.0,4.0,10,3.0,20000.0,5.0,0.05
6945,,,greedy,0.1,wiki_fast,1.0,90.24389982223512,-9.756094798808967,95.21261596679688,56.589157402637035,1.0,4.0,20,3.0,20000.0,5.0,0.05
6946,,,durable,1.0,wiki_fast,1.0,90.24389982223512,-9.756094798808967,74.08222961425781,21.837571586634102,1.0,4.0,20,3.0,20000.0,5.0,0.05
6947,,,durable_agg,5.0,wiki_fast,1.0,90.24389982223512,-9.756094798808967,384.0137939453125,531.5591249573072,1.0,4.0,20,3.0,20000.0,5.0,0.05
6948,,,obs,0.001,wiki_fast,1.0,99.99999403953552,0.0,60.77851867675781,-0.04205922571374581,1.0,4.0,20,3.0,20000.0,5.0,0.05
6949,,,random,10.0,wiki_fast,1.0,2.43902429938316,-97.56097555523965,259.9791564941406,327.5685175151831,1.0,4.0,20,3.0,20000.0,10.0,0.05
6950,,,random_greedy,25.0,wiki_fast,1.0,0.0,-100.0,67.18646240234375,10.496612550964816,1.0,4.0,20,3.0,20000.0,10.0,0.5
6951,,,hc,0.1,wiki_fast,1.0,99.99999403953552,0.0,60.64342498779297,-0.26423783839671033,1.0,4.0,20,3.0,20000.0,1.0,0.05
6952,,,slim,0.1,wiki_fast,1.0,99.99999403953552,0.0,60.69563293457031,-0.17837528423228236,1.0,4.0,20,3.0,20000.0,20.0,0.05
6953,,,zero,0.1,wiki_fast,1.0,99.99999403953552,0.0,60.54149627685547,-0.4318724611698738,1.0,4.0,20,3.0,20000.0,5.0,0.05
6954,,,act,5.0,wiki_fast,1.0,78.04877758026123,-21.95121776766883,69.45488739013672,14.22732359028191,1.0,4.0,20,3.0,20000.0,5.0,0.05
6955,,,ig,5.0,wiki_fast,1.0,4.87804859876632,-95.1219511104793,78.39057922363281,28.923195989216175,1.0,4.0,20,3.0,20000.0,5.0,0.05
6957,,,greedy,1.0,wiki_fast,1.0,0.0,-100.0,268.4716491699219,343.1146668909789,1.0,4.0,30,3.0,20000.0,5.0,0.05
6958,,,durable,1.0,wiki_fast,1.0,87.80487775802612,-12.195117008395016,78.44673919677734,29.476988782016672,1.0,4.0,30,3.0,20000.0,5.0,0.05
6959,,,durable_agg,5.0,wiki_fast,1.0,41.46341383457184,-58.53658369401596,1196.0130615234375,1874.0294030778166,1.0,4.0,30,3.0,20000.0,5.0,0.05
6960,,,obs,0.001,wiki_fast,1.0,99.99999403953552,0.0,60.524513244628906,-0.10379267958447418,1.0,4.0,30,3.0,20000.0,5.0,0.05
6961,,,random,25.0,wiki_fast,1.0,19.5121943950653,-80.4878044419172,403.8294677734375,566.5238606998353,1.0,4.0,30,3.0,20000.0,1.0,0.05
6962,,,random_greedy,10.0,wiki_fast,1.0,0.0,-100.0,63.40045928955078,4.642979941033669,1.0,4.0,30,3.0,20000.0,20.0,0.5
6963,,,hc,0.1,wiki_fast,1.0,99.99999403953552,0.0,60.38010025024414,-0.3421475155583558,1.0,4.0,30,3.0,20000.0,20.0,0.05
6964,,,slim,0.1,wiki_fast,1.0,99.99999403953552,0.0,60.4566764831543,-0.21575781279956088,1.0,4.0,30,3.0,20000.0,20.0,0.05
6965,,,zero,0.1,wiki_fast,1.0,99.99999403953552,0.0,60.322261810302734,-0.4376103367812735,1.0,4.0,30,3.0,20000.0,5.0,0.05
6966,,,act,5.0,wiki_fast,1.0,85.36584973335266,-14.634145178445886,69.4721450805664,14.664347318449856,1.0,4.0,30,3.0,20000.0,5.0,0.05
6967,,,ig,5.0,wiki_fast,1.0,0.0,-100.0,73.12788391113281,20.69817435067243,1.0,4.0,30,3.0,20000.0,5.0,0.05
6969,,,greedy,0.1,wiki_fast,1.0,85.36584973335266,-14.634145178445886,95.6969757080078,59.119544526555615,1.0,4.0,50,3.0,20000.0,5.0,0.05
6970,,,durable,5.0,wiki_fast,1.0,80.48779964447021,-19.512195558082794,165.877197265625,175.81126656272403,1.0,4.0,50,3.0,20000.0,5.0,0.05
6971,,,durable_agg,5.0,wiki_fast,1.0,97.56097197532654,-2.439022209586037,953.9230346679688,1486.1295267354567,1.0,4.0,50,3.0,20000.0,5.0,0.05
6972,,,obs,0.001,wiki_fast,1.0,99.99999403953552,0.0,60.0992317199707,-0.07038041770168992,1.0,4.0,50,3.0,20000.0,5.0,0.05
6973,,,random,5.0,wiki_fast,1.0,90.24389982223512,-9.756094798808967,122.93638610839844,104.41170286295944,1.0,4.0,50,3.0,20000.0,20.0,0.05
6974,,,random_greedy,10.0,wiki_fast,1.0,0.0,-100.0,63.30949401855469,5.267463030142114,1.0,4.0,50,3.0,20000.0,20.0,0.5
6975,,,hc,0.1,wiki_fast,1.0,99.99999403953552,0.0,59.94541549682617,-0.3261373753952318,1.0,4.0,50,3.0,20000.0,20.0,0.05
6976,,,slim,0.1,wiki_fast,1.0,99.99999403953552,0.0,60.03557586669922,-0.17622378740141048,1.0,4.0,50,3.0,20000.0,20.0,0.05
6977,,,zero,0.1,wiki_fast,1.0,99.99999403953552,0.0,59.86425018310547,-0.46109449034105515,1.0,4.0,50,3.0,20000.0,5.0,0.05
6978,,,act,5.0,wiki_fast,1.0,0.0,-100.0,65.11749267578125,8.273701427061917,1.0,4.0,50,3.0,20000.0,5.0,0.05
6979,,,ig,5.0,wiki_fast,1.0,0.0,-100.0,70.43277740478516,17.11165768273997,1.0,4.0,50,3.0,20000.0,5.0,0.05
6981,,,greedy,0.001,wiki_fast,1.0,99.99999403953552,7.894736165154984,59.1226921081543,5.797985500326125,1.0,8.0,10,3.0,20000.0,5.0,0.05
6982,,,durable,0.1,wiki_fast,1.0,87.80487775802612,-5.26315315608476,57.477317810058594,2.8536458580429978,1.0,8.0,10,3.0,20000.0,5.0,0.05
6983,,,durable_agg,0.001,wiki_fast,1.0,99.99999403953552,7.894736165154984,56.10042953491211,0.38975254440572055,1.0,8.0,10,3.0,20000.0,5.0,0.05
6984,,,obs,1.0,wiki_fast,1.0,99.99999403953552,7.894736165154984,58.189212799072266,4.127556991650452,1.0,8.0,10,3.0,20000.0,5.0,0.05
6985,,,random,1.0,wiki_fast,1.0,2.43902429938316,-97.36842101032218,65.29669189453125,16.84614174265724,1.0,8.0,10,3.0,20000.0,20.0,0.05
6986,,,random_greedy,5.0,wiki_fast,1.0,2.43902429938316,-97.36842101032218,56.20423889160156,0.575515750075345,1.0,8.0,10,3.0,20000.0,1.0,0.5
6987,,,hc,5.0,wiki_fast,1.0,65.85365533828735,-28.947368082577473,60.50407791137695,8.269926982834328,1.0,8.0,10,3.0,20000.0,1.0,0.05
6988,,,slim,1.0,wiki_fast,1.0,80.48779964447021,-13.157895752267535,59.663330078125,6.76543820026834,1.0,8.0,10,3.0,20000.0,10.0,0.05
6989,,,zero,1.0,wiki_fast,1.0,95.12194991111757,2.631583009070224,57.301979064941406,2.539883318617039,1.0,8.0,10,3.0,20000.0,5.0,0.05
6990,,,act,5.0,wiki_fast,1.0,36.58536374568939,-60.52631595871125,61.066654205322266,9.276637544673651,1.0,8.0,10,3.0,20000.0,5.0,0.05
6991,,,ig,5.0,wiki_fast,1.0,0.0,-100.0,75.92716979980469,35.8690093960153,1.0,8.0,10,3.0,20000.0,5.0,0.05
6993,,,greedy,0.001,wiki_fast,1.0,87.80487775802612,-2.7027002035743695,58.38806915283203,6.578295215978986,1.0,8.0,20,3.0,20000.0,5.0,0.05
6994,,,durable,0.1,wiki_fast,1.0,82.92682766914368,-8.108107215562283,57.93343353271485,5.74842894296149,1.0,8.0,20,3.0,20000.0,5.0,0.05
6995,,,durable_agg,0.001,wiki_fast,1.0,97.56097197532654,8.108107215562253,55.0418701171875,0.4703318281359213,1.0,8.0,20,3.0,20000.0,5.0,0.05
6996,,,obs,1.0,wiki_fast,1.0,95.12194991111757,5.405407011987914,57.28952026367188,4.573065902578796,1.0,8.0,20,3.0,20000.0,5.0,0.05
6997,,,random,1.0,wiki_fast,1.0,0.0,-100.0,61.39062881469727,12.05899863174423,1.0,8.0,20,3.0,20000.0,20.0,0.05
6998,,,random_greedy,10.0,wiki_fast,1.0,2.43902429938316,-97.29729731961095,55.75560760498047,1.7731480675563098,1.0,8.0,20,3.0,20000.0,20.0,0.5
6999,,,hc,1.0,wiki_fast,1.0,41.46341383457184,-54.05405360778115,71.169189453125,29.9082328611168,1.0,8.0,20,3.0,20000.0,20.0,0.05
7000,,,slim,5.0,wiki_fast,1.0,43.90243887901306,-51.35135010178719,69.66753387451172,27.16719528456585,1.0,8.0,20,3.0,20000.0,20.0,0.05
7001,,,zero,1.0,wiki_fast,1.0,99.99999403953552,10.810807419136607,61.0410041809082,11.420813502908835,1.0,8.0,20,3.0,20000.0,5.0,0.05
7002,,,act,5.0,wiki_fast,1.0,2.43902429938316,-97.29729731961095,61.84505844116211,12.888488895542535,1.0,8.0,20,3.0,20000.0,5.0,0.05
7003,,,ig,1.0,wiki_fast,1.0,19.5121943950653,-78.37837855688757,65.15335083007812,18.927259623921135,1.0,8.0,20,3.0,20000.0,5.0,0.05
7005,,,greedy,0.01,wiki_fast,1.0,73.17072749137878,-3.2258112832485573,63.83818054199219,17.433110379627596,1.0,8.0,30,3.0,20000.0,5.0,0.05
7006,,,durable,0.01,wiki_fast,1.0,34.14633870124817,-54.83871298327533,54.983009338378906,1.1436377073858222,1.0,8.0,30,3.0,20000.0,5.0,0.05
7007,,,durable_agg,0.001,wiki_fast,1.0,85.36584973335266,12.903221483409185,54.58842086791992,0.4177750494509242,1.0,8.0,30,3.0,20000.0,5.0,0.05
7008,,,obs,0.01,wiki_fast,1.0,73.17072749137878,-3.2258112832485573,54.37168502807617,0.019080042990796388,1.0,8.0,30,3.0,20000.0,5.0,0.05
7009,,,random,1.0,wiki_fast,1.0,2.43902429938316,-96.77419364374833,61.60133361816406,13.318333149480033,1.0,8.0,30,3.0,20000.0,20.0,0.05
7010,,,random_greedy,10.0,wiki_fast,1.0,0.0,-100.0,55.17916870117188,1.5044813891338058,1.0,8.0,30,3.0,20000.0,10.0,0.5
7011,,,hc,5.0,wiki_fast,1.0,19.5121943950653,-74.19354914998662,72.74505615234375,33.81769555745865,1.0,8.0,30,3.0,20000.0,10.0,0.05
7012,,,slim,5.0,wiki_fast,1.0,17.073169350624077,-77.41935649163767,60.63157272338867,11.534415794205561,1.0,8.0,30,3.0,20000.0,20.0,0.05
7013,,,zero,1.0,wiki_fast,1.0,82.92682766914368,9.677418083355644,56.15064239501953,3.291549512816821,1.0,8.0,30,3.0,20000.0,5.0,0.05
7014,,,act,5.0,wiki_fast,1.0,29.26829159259796,-61.29032372497992,59.54121780395508,9.528660484143284,1.0,8.0,30,3.0,20000.0,5.0,0.05
7015,,,ig,1.0,wiki_fast,1.0,14.63414579629898,-80.64516186248996,62.2620849609375,14.533813990422225,1.0,8.0,30,3.0,20000.0,5.0,0.05
7017,,,greedy,0.1,wiki_fast,1.0,90.24389982223512,-9.756094798808967,86.53791809082031,61.331496052016604,1.0,8.0,50,3.0,20000.0,5.0,0.05
7018,,,durable,1.0,wiki_fast,1.0,92.68292188644408,-7.317072589222957,70.69429016113281,31.79443006776871,1.0,8.0,50,3.0,20000.0,5.0,0.05
7019,,,durable_agg,1.0,wiki_fast,1.0,90.24389982223512,-9.756094798808967,643.3274536132812,1099.346862422088,1.0,8.0,50,3.0,20000.0,5.0,0.05
7020,,,obs,5.0,wiki_fast,1.0,80.48779964447021,-19.512195558082794,84.39215850830078,57.331184844477306,1.0,8.0,50,3.0,20000.0,5.0,0.05
7021,,,random,1.0,wiki_fast,1.0,29.26829159259796,-70.73170666287581,58.730918884277344,9.491275236897494,1.0,8.0,50,3.0,20000.0,20.0,0.05
7022,,,random_greedy,10.0,wiki_fast,1.0,2.43902429938316,-97.56097555523965,54.58728790283203,1.7663588063626297,1.0,8.0,50,3.0,20000.0,20.0,0.5
7023,,,hc,0.1,wiki_fast,1.0,99.99999403953552,0.0,53.59210205078125,-0.08895301420431999,1.0,8.0,50,3.0,20000.0,1.0,0.05
7024,,,slim,1.0,wiki_fast,1.0,90.24389982223512,-9.756094798808967,59.1559944152832,10.283737926840057,1.0,8.0,50,3.0,20000.0,1.0,0.05
7025,,,zero,1.0,wiki_fast,1.0,87.80487775802612,-12.195117008395016,57.93088912963867,7.999790347388972,1.0,8.0,50,3.0,20000.0,5.0,0.05
7026,,,act,5.0,wiki_fast,1.0,60.97560524940491,-39.02439111616559,66.65817260742188,24.269949498469423,1.0,8.0,50,3.0,20000.0,5.0,0.05
7027,,,ig,5.0,wiki_fast,1.0,0.0,-100.0,74.52279663085938,38.93186403928611,1.0,8.0,50,3.0,20000.0,5.0,0.05
7029,,,greedy,0.001,wiki_fast,1.0,99.99999403953552,2.499997708946381,52.0113525390625,2.7983822434617736,1.0,16.0,10,3.0,20000.0,5.0,0.05
7030,,,durable,1.0,wiki_fast,1.0,58.53658318519592,-40.0,61.3637580871582,21.283042101267963,1.0,16.0,10,3.0,20000.0,5.0,0.05
7031,,,durable_agg,0.001,wiki_fast,1.0,99.99999403953552,2.499997708946381,50.89043426513672,0.5829315858353867,1.0,16.0,10,3.0,20000.0,5.0,0.05
7032,,,obs,0.001,wiki_fast,1.0,97.56097197532654,0.0,50.74029159545898,0.2861805344760811,1.0,16.0,10,3.0,20000.0,5.0,0.05
7033,,,random,1.0,wiki_fast,1.0,0.0,-100.0,54.53824996948242,7.792695124428254,1.0,16.0,10,3.0,20000.0,20.0,0.05
7034,,,random_greedy,10.0,wiki_fast,1.0,0.0,-100.0,50.138065338134766,-0.9040958566438865,1.0,16.0,10,3.0,20000.0,10.0,0.5
7035,,,hc,1.0,wiki_fast,1.0,92.68292188644408,-5.000001527369093,54.01325225830078,6.755057901853429,1.0,16.0,10,3.0,20000.0,10.0,0.05
7036,,,slim,5.0,wiki_fast,1.0,90.24389982223512,-7.499999236315446,54.27442932128906,7.271264042313432,1.0,16.0,10,3.0,20000.0,10.0,0.05
7037,,,zero,1.0,wiki_fast,1.0,99.99999403953552,2.499997708946381,54.31854248046875,7.358451957603934,1.0,16.0,10,3.0,20000.0,5.0,0.05
7038,,,act,5.0,wiki_fast,1.0,60.97560524940491,-37.50000229105362,56.992958068847656,12.644328646266624,1.0,16.0,10,3.0,20000.0,5.0,0.05
7040,,,greedy,0.1,wiki_fast,1.0,90.24389982223512,-9.756094798808967,66.54497528076172,35.59932220417186,1.0,16.0,20,3.0,20000.0,5.0,0.05
7041,,,durable,5.0,wiki_fast,1.0,53.65853309631348,-46.34146370538853,313.5503234863281,538.9244441411151,1.0,16.0,20,3.0,20000.0,5.0,0.05
7042,,,durable_agg,1.0,wiki_fast,1.0,90.24389982223512,-9.756094798808967,279.23223876953125,468.99416003913353,1.0,16.0,20,3.0,20000.0,5.0,0.05
7043,,,obs,0.001,wiki_fast,1.0,99.99999403953552,0.0,49.213993072509766,0.2838167034742604,1.0,16.0,20,3.0,20000.0,5.0,0.05
7044,,,random,5.0,wiki_fast,1.0,2.43902429938316,-97.56097555523965,66.36785125732422,35.23839491517872,1.0,16.0,20,3.0,20000.0,20.0,0.05
7045,,,random_greedy,25.0,wiki_fast,1.0,0.0,-100.0,51.089630126953125,4.1058199758547325,1.0,16.0,20,3.0,20000.0,10.0,0.7
7046,,,hc,5.0,wiki_fast,1.0,70.7317054271698,-29.26829035689177,66.83190155029297,36.18399456308184,1.0,16.0,20,3.0,20000.0,10.0,0.05
7047,,,slim,0.1,wiki_fast,1.0,99.99999403953552,0.0,49.13175201416016,0.1162333251273782,1.0,16.0,20,3.0,20000.0,20.0,0.05
7048,,,zero,0.1,wiki_fast,1.0,99.99999403953552,0.0,49.16258239746094,0.17905668724061663,1.0,16.0,20,3.0,20000.0,5.0,0.05
7049,,,act,0.1,wiki_fast,1.0,99.99999403953552,0.0,49.17782974243164,0.21012634553889326,1.0,16.0,20,3.0,20000.0,5.0,0.05
7051,,,greedy,0.1,wiki_fast,1.0,90.24389982223512,-9.756094798808967,67.61406707763672,38.79831067303072,1.0,16.0,30,3.0,20000.0,5.0,0.05
7052,,,durable,1.0,wiki_fast,1.0,97.56097197532654,-2.439022209586037,85.59453582763672,75.70865781637919,1.0,16.0,30,3.0,20000.0,5.0,0.05
7053,,,durable_agg,5.0,wiki_fast,1.0,2.43902429938316,-97.56097555523965,2859.99560546875,5771.005483452853,1.0,16.0,30,3.0,20000.0,5.0,0.05
7054,,,obs,0.001,wiki_fast,1.0,99.99999403953552,0.0,48.8626708984375,0.3054019496860468,1.0,16.0,30,3.0,20000.0,5.0,0.05
7055,,,random,5.0,wiki_fast,1.0,0.0,-100.0,70.82392883300781,45.38752218471086,1.0,16.0,30,3.0,20000.0,20.0,0.05
7056,,,random_greedy,10.0,wiki_fast,1.0,0.0,-100.0,49.42409896850586,1.4579027687897375,1.0,16.0,30,3.0,20000.0,10.0,0.5
7057,,,hc,5.0,wiki_fast,1.0,31.707316637039177,-68.29268147305736,61.83470153808594,26.934415949311422,1.0,16.0,30,3.0,20000.0,1.0,0.05
7058,,,slim,5.0,wiki_fast,1.0,51.21951103210449,-48.78048591497456,60.19496536254883,23.568361798883263,1.0,16.0,30,3.0,20000.0,20.0,0.05
7059,,,zero,0.1,wiki_fast,1.0,99.99999403953552,0.0,48.79404830932617,0.16453334268855202,1.0,16.0,30,3.0,20000.0,5.0,0.05
7060,,,act,5.0,wiki_fast,1.0,75.60975551605225,-24.390239977254865,56.85750198364258,16.71720938420317,1.0,16.0,30,3.0,20000.0,5.0,0.05
7062,,,greedy,0.001,wiki_fast,1.0,99.99999403953552,2.499997708946381,50.566654205322266,5.345413003526549,1.0,16.0,50,3.0,20000.0,5.0,0.05
7063,,,durable,0.1,wiki_fast,1.0,99.99999403953552,2.499997708946381,51.658729553222656,7.6205314657527445,1.0,16.0,50,3.0,20000.0,5.0,0.05
7064,,,durable_agg,0.001,wiki_fast,1.0,99.99999403953552,2.499997708946381,48.1668701171875,0.3459474494610838,1.0,16.0,50,3.0,20000.0,5.0,0.05
7065,,,obs,0.001,wiki_fast,1.0,97.56097197532654,0.0,48.1474494934082,0.305488501465256,1.0,16.0,50,3.0,20000.0,5.0,0.05
7066,,,random,5.0,wiki_fast,1.0,0.0,-100.0,67.75513458251953,41.15414096259872,1.0,16.0,50,3.0,20000.0,20.0,0.05
7067,,,random_greedy,10.0,wiki_fast,1.0,0.0,-100.0,48.384124755859375,0.7985536184373914,1.0,16.0,50,3.0,20000.0,10.0,0.5
7068,,,hc,1.0,wiki_fast,1.0,85.36584973335266,-12.50000076368454,52.0094108581543,8.351105150747529,1.0,16.0,50,3.0,20000.0,1.0,0.05
7069,,,slim,5.0,wiki_fast,1.0,29.26829159259796,-70.0,77.72264099121094,61.91942780509611,1.0,16.0,50,3.0,20000.0,20.0,0.05
7070,,,zero,0.1,wiki_fast,1.0,97.56097197532654,0.0,48.09401321411133,0.19416480405304723,1.0,16.0,50,3.0,20000.0,5.0,0.05
7071,,,act,5.0,wiki_fast,1.0,4.87804859876632,-95.0,74.15628051757812,54.489635921124524,1.0,16.0,50,3.0,20000.0,5.0,0.05
